local wires = {
    {
        Vector3.new(-7.0291, -2.3767, 0),
        Vector3.new(-7.0291, -2.8832, 0),
        Vector3.new(-7.0291, -3.3896, 0),
        Vector3.new(-7.0291, -3.8961, 0),
        Vector3.new(-7.0291, -4.4025, 0),
        Vector3.new(-7.0291, -4.9090, 0),
        Vector3.new(-7.0291, -5.4154, 0),
        Vector3.new(-7.0291, -5.9219, 0),
        Vector3.new(-7.0291, -6.4284, 0),
        Vector3.new(-6.9211, -6.8242, 0),
        Vector3.new(-6.4148, -6.8118, 0),
        Vector3.new(-5.9085, -6.7995, 0),
        Vector3.new(-5.4022, -6.7871, 0),
        Vector3.new(-4.9528, -6.7164, 0),
        Vector3.new(-4.9279, -6.2106, 0),
        Vector3.new(-4.9031, -5.7048, 0),
        Vector3.new(-4.8782, -5.1989, 0),
        Vector3.new(-4.8533, -4.6931, 0),
        Vector3.new(-4.8284, -4.1872, 0),
        Vector3.new(-4.7949, -3.6958, 0),
        Vector3.new(-4.3359, -3.9100, 0),
        Vector3.new(-4.0421, -4.2315, 0),
        Vector3.new(-4.0329, -4.7378, 0),
        Vector3.new(-4.0237, -5.2442, 0),
        Vector3.new(-4.0145, -5.7506, 0),
        Vector3.new(-4.0053, -6.2569, 0),
        Vector3.new(-3.9961, -6.7633, 0),
        Vector3.new(-3.5522, -6.8142, 0),
        Vector3.new(-3.0459, -6.7997, 0),
        Vector3.new(-2.5397, -6.7852, 0),
        Vector3.new(-2.2250, -6.5846, 0),
        Vector3.new(-2.2250, -6.0781, 0),
        Vector3.new(-2.2250, -5.5717, 0),
        Vector3.new(-2.2250, -5.0652, 0),
        Vector3.new(-2.2250, -4.5588, 0),
        Vector3.new(-2.2250, -4.0523, 0),
        Vector3.new(-1.8306, -3.7388, 0),
        Vector3.new(-1.3624, -3.8274, 0),
        Vector3.new(-1.3148, -4.2995, 0),
        Vector3.new(-1.3148, -4.8059, 0),
        Vector3.new(-1.3148, -5.3124, 0),
        Vector3.new(-1.3148, -5.8188, 0),
        Vector3.new(-1.3148, -6.3253, 0),
        Vector3.new(-1.2593, -6.7762, 0),
        Vector3.new(-0.7528, -6.7762, 0),
        Vector3.new(-0.2464, -6.7762, 0),
        Vector3.new(0.2601, -6.7762, 0),
        Vector3.new(0.7665, -6.7762, 0),
        Vector3.new(0.8091, -6.3124, 0),
        Vector3.new(0.8091, -5.8059, 0),
        Vector3.new(0.8091, -5.2995, 0),
        Vector3.new(0.8091, -4.7930, 0),
        Vector3.new(0.8091, -4.2866, 0),
        Vector3.new(0.8091, -3.7801, 0),
        Vector3.new(0.6690, -3.3135, 0),
        Vector3.new(0.4024, -2.8829, 0),
        Vector3.new(0.1217, -2.4759, 0),
        Vector3.new(-0.3837, -2.4422, 0),
        Vector3.new(-0.8890, -2.4085, 0),
        Vector3.new(-1.3913, -2.3897, 0),
        Vector3.new(-1.8443, -2.6162, 0),
        Vector3.new(-2.2973, -2.8427, 0),
        Vector3.new(-2.5635, -2.5089, 0),
        Vector3.new(-3.0499, -2.4484, 0),
        Vector3.new(-3.5553, -2.4169, 0),
        Vector3.new(-4.0608, -2.3853, 0),
        Vector3.new(-4.4981, -2.5917, 0),
        Vector3.new(-4.9064, -2.8763, 0),
        Vector3.new(-5.0057, -2.3797, 0),
        Vector3.new(-5.5097, -2.3767, 0),
        Vector3.new(-6.0162, -2.3767, 0),
        Vector3.new(-6.5226, -2.3767, 0),
        Vector3.new(-7.0291, -2.3767, 0),
    },
    {
        Vector3.new(-13.9570, -10.5954, 0),
        Vector3.new(-13.9570, -10.0938, 0),
        Vector3.new(-13.9570, -9.5922, 0),
        Vector3.new(-14.2958, -9.2650, 0),
        Vector3.new(-14.7927, -9.2877, 0),
        Vector3.new(-15.2930, -9.3226, 0),
        Vector3.new(-15.7934, -9.3575, 0),
        Vector3.new(-16.2938, -9.3924, 0),
        Vector3.new(-16.7941, -9.4273, 0),
        Vector3.new(-17.2945, -9.4623, 0),
        Vector3.new(-17.7948, -9.4972, 0),
        Vector3.new(-18.2952, -9.5321, 0),
        Vector3.new(-18.7955, -9.5670, 0),
        Vector3.new(-19.2959, -9.6019, 0),
        Vector3.new(-19.7962, -9.6368, 0),
        Vector3.new(-20.2966, -9.6717, 0),
        Vector3.new(-20.7969, -9.7066, 0),
        Vector3.new(-20.8501, -9.2455, 0),
        Vector3.new(-20.8671, -8.7442, 0),
        Vector3.new(-20.8841, -8.2429, 0),
        Vector3.new(-20.9011, -7.7416, 0),
        Vector3.new(-20.9181, -7.2403, 0),
        Vector3.new(-20.9351, -6.7390, 0),
        Vector3.new(-20.9521, -6.2378, 0),
        Vector3.new(-20.9691, -5.7365, 0),
        Vector3.new(-20.9860, -5.2352, 0),
        Vector3.new(-21.0030, -4.7339, 0),
        Vector3.new(-21.0200, -4.2326, 0),
        Vector3.new(-21.0272, -3.7370, 0),
        Vector3.new(-20.5856, -3.4992, 0),
        Vector3.new(-20.1440, -3.2614, 0),
        Vector3.new(-19.7023, -3.0236, 0),
        Vector3.new(-19.2607, -2.7858, 0),
        Vector3.new(-18.8191, -2.5480, 0),
        Vector3.new(-18.4013, -2.2931, 0),
        Vector3.new(-18.3154, -1.7989, 0),
        Vector3.new(-18.2294, -1.3047, 0),
        Vector3.new(-18.1435, -0.8106, 0),
        Vector3.new(-18.0576, -0.3164, 0),
        Vector3.new(-18.0627, 0.1700, 0),
        Vector3.new(-18.2302, 0.6428, 0),
        Vector3.new(-18.3976, 1.1156, 0),
        Vector3.new(-18.5651, 1.5884, 0),
        Vector3.new(-18.7325, 2.0612, 0),
        Vector3.new(-18.9000, 2.5340, 0),
        Vector3.new(-19.0674, 3.0068, 0),
        Vector3.new(-19.2349, 3.4796, 0),
        Vector3.new(-19.4023, 3.9524, 0),
        Vector3.new(-19.5698, 4.4252, 0),
        Vector3.new(-19.7432, 4.8954, 0),
        Vector3.new(-19.9759, 5.3397, 0),
        Vector3.new(-20.2087, 5.7840, 0),
        Vector3.new(-20.4414, 6.2283, 0),
        Vector3.new(-20.6741, 6.6726, 0),
        Vector3.new(-20.9598, 7.0716, 0),
        Vector3.new(-21.3627, 7.3704, 0),
        Vector3.new(-21.7655, 7.6693, 0),
        Vector3.new(-22.1683, 7.9682, 0),
        Vector3.new(-22.6125, 8.1416, 0),
        Vector3.new(-23.1141, 8.1416, 0),
        Vector3.new(-23.6157, 8.1416, 0),
    },
    {
        Vector3.new(-33.9243, -6.2532, 0),
        Vector3.new(-33.9556, -6.7537, 0),
        Vector3.new(-33.9869, -7.2543, 0),
        Vector3.new(-34.0182, -7.7549, 0),
        Vector3.new(-34.0495, -8.2555, 0),
        Vector3.new(-34.0808, -8.7561, 0),
        Vector3.new(-34.4470, -9.0786, 0),
        Vector3.new(-34.8445, -9.3844, 0),
        Vector3.new(-35.2421, -9.6902, 0),
        Vector3.new(-35.3982, -10.1149, 0),
        Vector3.new(-35.3982, -10.6165, 0),
        Vector3.new(-35.1887, -11.0313, 0),
        Vector3.new(-34.7894, -11.2892, 0),
        Vector3.new(-34.2894, -11.3292, 0),
        Vector3.new(-33.7894, -11.3692, 0),
        Vector3.new(-33.2894, -11.4092, 0),
        Vector3.new(-32.7895, -11.4492, 0),
        Vector3.new(-32.3102, -11.5488, 0),
        Vector3.new(-31.8929, -11.8270, 0),
        Vector3.new(-31.4092, -11.9086, 0),
        Vector3.new(-30.9086, -11.9399, 0),
        Vector3.new(-30.4080, -11.9712, 0),
        Vector3.new(-29.9200, -12.0700, 0),
        Vector3.new(-29.4417, -12.2210, 0),
        Vector3.new(-28.9634, -12.3720, 0),
        Vector3.new(-28.4851, -12.5231, 0),
        Vector3.new(-27.9941, -12.5917, 0),
        Vector3.new(-27.4926, -12.5917, 0),
        Vector3.new(-26.9910, -12.5917, 0),
        Vector3.new(-26.4894, -12.5917, 0),
        Vector3.new(-25.9879, -12.5917, 0),
        Vector3.new(-25.7294, -12.8447, 0),
        Vector3.new(-25.7094, -13.3459, 0),
        Vector3.new(-25.6894, -13.8471, 0),
        Vector3.new(-25.3010, -14.1087, 0),
        Vector3.new(-24.7994, -14.1087, 0),
        Vector3.new(-24.2978, -14.1087, 0),
        Vector3.new(-23.7963, -14.1087, 0),
        Vector3.new(-23.3624, -13.8794, 0),
        Vector3.new(-22.9413, -13.6069, 0),
        Vector3.new(-22.5202, -13.3344, 0),
        Vector3.new(-22.0991, -13.0620, 0),
        Vector3.new(-21.9052, -12.6271, 0),
        Vector3.new(-21.4713, -12.4028, 0),
        Vector3.new(-21.0130, -12.1991, 0),
        Vector3.new(-20.5145, -12.1643, 0),
        Vector3.new(-20.0135, -12.1400, 0),
        Vector3.new(-19.5125, -12.1158, 0),
        Vector3.new(-19.0116, -12.0916, 0),
        Vector3.new(-18.5106, -12.0673, 0),
        Vector3.new(-18.0096, -12.0431, 0),
        Vector3.new(-17.5086, -12.0188, 0),
        Vector3.new(-17.0076, -11.9946, 0),
        Vector3.new(-16.5066, -11.9704, 0),
        Vector3.new(-16.0057, -11.9461, 0),
        Vector3.new(-15.5047, -11.9219, 0),
        Vector3.new(-15.0037, -11.8976, 0),
        Vector3.new(-14.5328, -11.7741, 0),
        Vector3.new(-14.1027, -11.5160, 0),
        Vector3.new(-13.9570, -11.0969, 0),
        Vector3.new(-13.9570, -10.5954, 0),
    },
    {
        Vector3.new(-23.6157, 8.1416, 0),
        Vector3.new(-23.9480, 7.7659, 0),
        Vector3.new(-24.2803, 7.3902, 0),
        Vector3.new(-24.6127, 7.0146, 0),
        Vector3.new(-24.9450, 6.6389, 0),
        Vector3.new(-25.2773, 6.2632, 0),
        Vector3.new(-25.6096, 5.8875, 0),
        Vector3.new(-25.9420, 5.5120, 0),
        Vector3.new(-26.4436, 5.5120, 0),
        Vector3.new(-26.9452, 5.5120, 0),
        Vector3.new(-27.4467, 5.5120, 0),
        Vector3.new(-27.9483, 5.5120, 0),
        Vector3.new(-28.3285, 5.7923, 0),
        Vector3.new(-28.6715, 6.1582, 0),
        Vector3.new(-29.0146, 6.5241, 0),
        Vector3.new(-29.3576, 6.8900, 0),
        Vector3.new(-29.7295, 7.2205, 0),
        Vector3.new(-30.1567, 7.4834, 0),
        Vector3.new(-30.5839, 7.7463, 0),
        Vector3.new(-31.0308, 7.9393, 0),
        Vector3.new(-31.5324, 7.9393, 0),
        Vector3.new(-32.0339, 7.9393, 0),
        Vector3.new(-32.4113, 7.6393, 0),
        Vector3.new(-32.7659, 7.2847, 0),
        Vector3.new(-33.0967, 6.9145, 0),
        Vector3.new(-33.2767, 6.4463, 0),
        Vector3.new(-33.4568, 5.9782, 0),
        Vector3.new(-33.6369, 5.5100, 0),
        Vector3.new(-33.8169, 5.0419, 0),
        Vector3.new(-33.9970, 4.5738, 0),
        Vector3.new(-33.9866, 4.1069, 0),
        Vector3.new(-34.0552, 3.7127, 0),
        Vector3.new(-34.3812, 3.3489, 0),
        Vector3.new(-34.6055, 2.9003, 0),
        Vector3.new(-34.8298, 2.4516, 0),
        Vector3.new(-35.0541, 2.0030, 0),
        Vector3.new(-35.2784, 1.5544, 0),
        Vector3.new(-35.4549, 1.0881, 0),
        Vector3.new(-35.5766, 0.6015, 0),
        Vector3.new(-35.6982, 0.1149, 0),
        Vector3.new(-35.8198, -0.3717, 0),
        Vector3.new(-35.9039, -0.8629, 0),
        Vector3.new(-35.8809, -1.3588, 0),
        Vector3.new(-35.6481, -1.8031, 0),
        Vector3.new(-35.4154, -2.2474, 0),
        Vector3.new(-35.0296, -2.5358, 0),
        Vector3.new(-34.5810, -2.7601, 0),
        Vector3.new(-34.1086, -2.8933, 0),
        Vector3.new(-33.6076, -2.9171, 0),
        Vector3.new(-33.2981, -3.0993, 0),
        Vector3.new(-33.6369, -3.2870, 0),
        Vector3.new(-34.1384, -3.2870, 0),
        Vector3.new(-34.5913, -3.4520, 0),
        Vector3.new(-35.0124, -3.7244, 0),
        Vector3.new(-35.1960, -4.1261, 0),
        Vector3.new(-35.1960, -4.6277, 0),
        Vector3.new(-35.0017, -5.0488, 0),
        Vector3.new(-34.6471, -5.4035, 0),
        Vector3.new(-34.1915, -5.5387, 0),
        Vector3.new(-33.8930, -5.7526, 0),
        Vector3.new(-33.9243, -6.2532, 0),
    },
    {
        Vector3.new(-23.0088, 7.1302, 0),
        Vector3.new(-23.3798, 6.7832, 0),
        Vector3.new(-23.7507, 6.4363, 0),
        Vector3.new(-24.1216, 6.0893, 0),
        Vector3.new(-24.4925, 5.7423, 0),
        Vector3.new(-24.7123, 5.2951, 0),
        Vector3.new(-24.8879, 4.8185, 0),
        Vector3.new(-25.3136, 4.6681, 0),
        Vector3.new(-25.8195, 4.6221, 0),
        Vector3.new(-26.3264, 4.6018, 0),
        Vector3.new(-26.8344, 4.6018, 0),
        Vector3.new(-27.3423, 4.6018, 0),
        Vector3.new(-27.8502, 4.6018, 0),
        Vector3.new(-28.3581, 4.6018, 0),
        Vector3.new(-28.8404, 4.6656, 0),
        Vector3.new(-29.2074, 5.0166, 0),
        Vector3.new(-29.5745, 5.3677, 0),
        Vector3.new(-29.9415, 5.7188, 0),
        Vector3.new(-30.3085, 6.0699, 0),
        Vector3.new(-30.6756, 6.4209, 0),
        Vector3.new(-31.0426, 6.7720, 0),
        Vector3.new(-31.5285, 6.8268, 0),
        Vector3.new(-31.9119, 6.6233, 0),
        Vector3.new(-32.1430, 6.1710, 0),
        Vector3.new(-32.3742, 5.7188, 0),
        Vector3.new(-32.6053, 5.2665, 0),
        Vector3.new(-32.8365, 4.8142, 0),
        Vector3.new(-32.9842, 4.3391, 0),
        Vector3.new(-33.0159, 3.8322, 0),
        Vector3.new(-33.0475, 3.3253, 0),
        Vector3.new(-33.1438, 2.8433, 0),
        Vector3.new(-33.4611, 2.4467, 0),
        Vector3.new(-33.7784, 2.0501, 0),
        Vector3.new(-33.8812, 1.5782, 0),
        Vector3.new(-34.1576, 1.2086, 0),
        Vector3.new(-34.4027, 0.7850, 0),
        Vector3.new(-34.5735, 0.3066, 0),
        Vector3.new(-34.7444, -0.1717, 0),
        Vector3.new(-34.7914, -0.6714, 0),
        Vector3.new(-34.7914, -1.1793, 0),
        Vector3.new(-34.4197, -1.5071, 0),
        Vector3.new(-34.0210, -1.8218, 0),
        Vector3.new(-33.5653, -1.9722, 0),
        Vector3.new(-33.0793, -1.9235, 0),
        Vector3.new(-32.7419, -1.5438, 0),
        Vector3.new(-32.4044, -1.1642, 0),
        Vector3.new(-31.9425, -1.0619, 0),
        Vector3.new(-31.4346, -1.0619, 0),
        Vector3.new(-30.9267, -1.0619, 0),
        Vector3.new(-30.4188, -1.0619, 0),
        Vector3.new(-29.9415, -1.2309, 0),
        Vector3.new(-29.5062, -1.4639, 0),
        Vector3.new(-29.2288, -1.8767, 0),
        Vector3.new(-29.2288, -2.3846, 0),
        Vector3.new(-28.7947, -2.5943, 0),
        Vector3.new(-28.3130, -2.7540, 0),
        Vector3.new(-27.8231, -2.8824, 0),
    },
    {
        Vector3.new(-27.8231, -2.8824, 0),
        Vector3.new(-27.3277, -2.8523, 0),
        Vector3.new(-26.9685, -2.4932, 0),
        Vector3.new(-26.4692, -2.5240, 0),
        Vector3.new(-25.9635, -2.5721, 0),
        Vector3.new(-25.4579, -2.6203, 0),
        Vector3.new(-24.9523, -2.6684, 0),
        Vector3.new(-24.5575, -2.9519, 0),
        Vector3.new(-24.1984, -3.3111, 0),
        Vector3.new(-23.9555, -3.7237, 0),
        Vector3.new(-23.8870, -4.2049, 0),
        Vector3.new(-23.3929, -4.3225, 0),
        Vector3.new(-22.8988, -4.4401, 0),
        Vector3.new(-22.8928, -4.9138, 0),
        Vector3.new(-23.2214, -5.1075, 0),
        Vector3.new(-23.7293, -5.1075, 0),
        Vector3.new(-24.2372, -5.1075, 0),
        Vector3.new(-24.7451, -5.1075, 0),
        Vector3.new(-25.2136, -5.2335, 0),
        Vector3.new(-25.6312, -5.5226, 0),
        Vector3.new(-25.2761, -5.7076, 0),
        Vector3.new(-24.7969, -5.8760, 0),
        Vector3.new(-24.3177, -6.0444, 0),
        Vector3.new(-23.8386, -6.2127, 0),
        Vector3.new(-23.6667, -6.6814, 0),
        Vector3.new(-23.7029, -7.1880, 0),
        Vector3.new(-23.7391, -7.6946, 0),
        Vector3.new(-23.8087, -8.1935, 0),
        Vector3.new(-23.9985, -8.6646, 0),
        Vector3.new(-24.1884, -9.1357, 0),
        Vector3.new(-24.3782, -9.6068, 0),
        Vector3.new(-24.5681, -10.0779, 0),
        Vector3.new(-24.7579, -10.5490, 0),
        Vector3.new(-24.9478, -11.0201, 0),
        Vector3.new(-25.1457, -11.4782, 0),
        Vector3.new(-25.6524, -11.4433, 0),
        Vector3.new(-26.1591, -11.4084, 0),
        Vector3.new(-26.6658, -11.3734, 0),
        Vector3.new(-27.1725, -11.3385, 0),
        Vector3.new(-27.6792, -11.3035, 0),
        Vector3.new(-28.1735, -11.2230, 0),
        Vector3.new(-28.6278, -10.9959, 0),
        Vector3.new(-29.1064, -10.8674, 0),
        Vector3.new(-29.6142, -10.8566, 0),
        Vector3.new(-30.1220, -10.8458, 0),
        Vector3.new(-30.6298, -10.8350, 0),
        Vector3.new(-31.1376, -10.8242, 0),
        Vector3.new(-30.8779, -10.9463, 0),
        Vector3.new(-30.3960, -11.1069, 0),
        Vector3.new(-29.9142, -11.2675, 0),
        Vector3.new(-29.4078, -11.2769, 0),
        Vector3.new(-28.8999, -11.2769, 0),
        Vector3.new(-28.4391, -11.4325, 0),
        Vector3.new(-28.0067, -11.6849, 0),
        Vector3.new(-27.4996, -11.7147, 0),
        Vector3.new(-26.9926, -11.7445, 0),
        Vector3.new(-26.4856, -11.7744, 0),
    },
    {
        Vector3.new(-26.4856, -11.7744, 0),
        Vector3.new(-25.9786, -11.8042, 0),
        Vector3.new(-25.4715, -11.8340, 0),
        Vector3.new(-24.9645, -11.8638, 0),
        Vector3.new(-24.6129, -12.0530, 0),
        Vector3.new(-24.5708, -12.5591, 0),
        Vector3.new(-24.5286, -13.0653, 0),
        Vector3.new(-24.1180, -12.8526, 0),
        Vector3.new(-23.6824, -12.5913, 0),
        Vector3.new(-23.2469, -12.3299, 0),
        Vector3.new(-22.8114, -12.0686, 0),
        Vector3.new(-22.4221, -11.7594, 0),
        Vector3.new(-22.1446, -11.3339, 0),
        Vector3.new(-21.8672, -10.9085, 0),
        Vector3.new(-21.7317, -10.4373, 0),
        Vector3.new(-21.7087, -9.9299, 0),
        Vector3.new(-21.6856, -9.4225, 0),
        Vector3.new(-21.6626, -8.9152, 0),
        Vector3.new(-21.6395, -8.4078, 0),
        Vector3.new(-21.6164, -7.9004, 0),
        Vector3.new(-21.5934, -7.3930, 0),
        Vector3.new(-21.5703, -6.8856, 0),
        Vector3.new(-21.5472, -6.3783, 0),
        Vector3.new(-21.5905, -5.8734, 0),
        Vector3.new(-21.6516, -5.3691, 0),
        Vector3.new(-21.7127, -4.8649, 0),
        Vector3.new(-21.7738, -4.3607, 0),
        Vector3.new(-21.8350, -3.8565, 0),
        Vector3.new(-21.8961, -3.3523, 0),
        Vector3.new(-21.8669, -2.9027, 0),
        Vector3.new(-21.3920, -2.7225, 0),
        Vector3.new(-20.9171, -2.5424, 0),
        Vector3.new(-20.4476, -2.3524, 0),
        Vector3.new(-20.0397, -2.0498, 0),
        Vector3.new(-19.6318, -1.7471, 0),
        Vector3.new(-19.2239, -1.4445, 0),
        Vector3.new(-18.9602, -1.1029, 0),
        Vector3.new(-18.8559, -0.9848, 0),
        Vector3.new(-18.8793, -0.5601, 0),
        Vector3.new(-18.9547, -0.0579, 0),
        Vector3.new(-19.0300, 0.4444, 0),
        Vector3.new(-19.1053, 0.9467, 0),
        Vector3.new(-19.4280, 1.3243, 0),
        Vector3.new(-19.7871, 1.6834, 0),
        Vector3.new(-20.0088, 2.1229, 0),
        Vector3.new(-20.1458, 2.6120, 0),
        Vector3.new(-20.2827, 3.1011, 0),
        Vector3.new(-20.4197, 3.5902, 0),
        Vector3.new(-20.5566, 4.0793, 0),
        Vector3.new(-20.7481, 4.5452, 0),
        Vector3.new(-21.0065, 4.9824, 0),
        Vector3.new(-21.2648, 5.4197, 0),
        Vector3.new(-21.5232, 5.8570, 0),
        Vector3.new(-21.7816, 6.2942, 0),
        Vector3.new(-22.1090, 6.6589, 0),
        Vector3.new(-22.5589, 6.8945, 0),
        Vector3.new(-23.0088, 7.1302, 0),
    },
    {
        Vector3.new(-31.8078, -1.9722, 0),
        Vector3.new(-32.0778, -2.3965, 0),
        Vector3.new(-32.1618, -2.8749, 0),
        Vector3.new(-32.1618, -3.3778, 0),
        Vector3.new(-32.2181, -3.8688, 0),
        Vector3.new(-32.4224, -4.3283, 0),
        Vector3.new(-32.6266, -4.7879, 0),
        Vector3.new(-32.8309, -5.2474, 0),
        Vector3.new(-32.9984, -5.7182, 0),
        Vector3.new(-33.0858, -6.2135, 0),
        Vector3.new(-33.1732, -6.7087, 0),
        Vector3.new(-33.2606, -7.2039, 0),
        Vector3.new(-32.9088, -7.4962, 0),
        Vector3.new(-32.4749, -7.7505, 0),
        Vector3.new(-32.0411, -8.0049, 0),
        Vector3.new(-31.5805, -8.1906, 0),
        Vector3.new(-31.0889, -8.2966, 0),
        Vector3.new(-30.5973, -8.4027, 0),
        Vector3.new(-30.1057, -8.5087, 0),
        Vector3.new(-29.6142, -8.6147, 0),
        Vector3.new(-29.1226, -8.7208, 0),
        Vector3.new(-28.6310, -8.8268, 0),
        Vector3.new(-28.1394, -8.9328, 0),
        Vector3.new(-27.6478, -9.0389, 0),
        Vector3.new(-27.1562, -9.1449, 0),
        Vector3.new(-26.6646, -9.2509, 0),
        Vector3.new(-26.4382, -8.8146, 0),
        Vector3.new(-26.2200, -8.3615, 0),
        Vector3.new(-26.0019, -7.9084, 0),
        Vector3.new(-25.9525, -7.4093, 0),
        Vector3.new(-25.9107, -6.9081, 0),
        Vector3.new(-26.1265, -6.5444, 0),
        Vector3.new(-26.5661, -6.3002, 0),
        Vector3.new(-26.8015, -5.9358, 0),
        Vector3.new(-26.8015, -5.4329, 0),
        Vector3.new(-26.7781, -4.9451, 0),
        Vector3.new(-26.3203, -4.7370, 0),
        Vector3.new(-25.8624, -4.5289, 0),
        Vector3.new(-25.4046, -4.3208, 0),
        Vector3.new(-25.1039, -3.9950, 0),
        Vector3.new(-25.3900, -3.6775, 0),
        Vector3.new(-25.8454, -3.4893, 0),
        Vector3.new(-26.3477, -3.4906, 0),
        Vector3.new(-26.7034, -3.8462, 0),
        Vector3.new(-27.1422, -3.9571, 0),
        Vector3.new(-27.6409, -3.8921, 0),
        Vector3.new(-28.1395, -3.8270, 0),
        Vector3.new(-28.6382, -3.7620, 0),
        Vector3.new(-29.1369, -3.6969, 0),
        Vector3.new(-29.6065, -3.5202, 0),
        Vector3.new(-29.8166, -3.0913, 0),
        Vector3.new(-30.0332, -2.6546, 0),
        Vector3.new(-30.4279, -2.3430, 0),
        Vector3.new(-30.8226, -2.0314, 0),
        Vector3.new(-31.3049, -1.9722, 0),
        Vector3.new(-31.8078, -1.9722, 0),
    },
    {
        Vector3.new(16.8394, -2.3767, 0),
        Vector3.new(16.3405, -2.4765, 0),
        Vector3.new(16.0109, -2.8622, 0),
        Vector3.new(15.6836, -3.2518, 0),
        Vector3.new(15.3563, -3.6415, 0),
        Vector3.new(15.2718, -4.1195, 0),
        Vector3.new(15.2718, -4.6283, 0),
        Vector3.new(15.2718, -5.1372, 0),
        Vector3.new(15.2718, -5.6460, 0),
        Vector3.new(15.6457, -5.9822, 0),
        Vector3.new(16.0330, -6.3122, 0),
        Vector3.new(16.4204, -6.6421, 0),
        Vector3.new(16.8606, -6.8103, 0),
        Vector3.new(17.3680, -6.7727, 0),
        Vector3.new(17.8755, -6.7351, 0),
        Vector3.new(18.3829, -6.6975, 0),
        Vector3.new(18.8904, -6.6599, 0),
        Vector3.new(19.3679, -6.5945, 0),
        Vector3.new(19.3679, -6.0857, 0),
        Vector3.new(19.3679, -5.5768, 0),
        Vector3.new(18.9273, -5.5671, 0),
        Vector3.new(18.4224, -5.6302, 0),
        Vector3.new(17.9175, -5.6933, 0),
        Vector3.new(17.4343, -5.5881, 0),
        Vector3.new(17.2010, -5.2112, 0),
        Vector3.new(17.6485, -5.1491, 0),
        Vector3.new(18.1572, -5.1391, 0),
        Vector3.new(18.6660, -5.1292, 0),
        Vector3.new(19.1747, -5.1192, 0),
        Vector3.new(19.6834, -5.1092, 0),
        Vector3.new(19.7880, -4.6879, 0),
        Vector3.new(19.8068, -4.1794, 0),
        Vector3.new(19.7912, -3.6784, 0),
        Vector3.new(19.5636, -3.2233, 0),
        Vector3.new(19.2590, -2.8407, 0),
        Vector3.new(18.8186, -2.5857, 0),
        Vector3.new(18.3659, -2.3767, 0),
        Vector3.new(17.8571, -2.3767, 0),
        Vector3.new(17.3483, -2.3767, 0),
        Vector3.new(16.8394, -2.3767, 0),
    },
    {
        Vector3.new(11.7826, -2.3767, 0),
        Vector3.new(11.2838, -2.4765, 0),
        Vector3.new(10.9734, -2.8771, 0),
        Vector3.new(10.6657, -3.2820, 0),
        Vector3.new(10.3580, -3.6870, 0),
        Vector3.new(10.1529, -4.1500, 0),
        Vector3.new(10.1708, -4.6470, 0),
        Vector3.new(10.2427, -5.1505, 0),
        Vector3.new(10.3147, -5.6539, 0),
        Vector3.new(10.6110, -6.0659, 0),
        Vector3.new(10.9319, -6.4521, 0),
        Vector3.new(11.3868, -6.6795, 0),
        Vector3.new(11.8607, -6.8268, 0),
        Vector3.new(12.3692, -6.8268, 0),
        Vector3.new(12.8778, -6.8268, 0),
        Vector3.new(13.3864, -6.8268, 0),
        Vector3.new(13.8950, -6.8268, 0),
        Vector3.new(14.3298, -6.5966, 0),
        Vector3.new(14.3392, -6.1049, 0),
        Vector3.new(14.3150, -5.5969, 0),
        Vector3.new(13.8911, -5.5680, 0),
        Vector3.new(13.3870, -5.6352, 0),
        Vector3.new(12.8829, -5.7024, 0),
        Vector3.new(12.3966, -5.5818, 0),
        Vector3.new(12.1464, -5.2271, 0),
        Vector3.new(12.5752, -5.1494, 0),
        Vector3.new(13.0837, -5.1395, 0),
        Vector3.new(13.5922, -5.1295, 0),
        Vector3.new(14.1007, -5.1195, 0),
        Vector3.new(14.6092, -5.1095, 0),
        Vector3.new(14.7304, -4.7055, 0),
        Vector3.new(14.7493, -4.1973, 0),
        Vector3.new(14.7340, -3.6998, 0),
        Vector3.new(14.4263, -3.2949, 0),
        Vector3.new(14.1185, -2.8900, 0),
        Vector3.new(13.8108, -2.4851, 0),
        Vector3.new(13.3064, -2.4529, 0),
        Vector3.new(12.7985, -2.4275, 0),
        Vector3.new(12.2905, -2.4021, 0),
        Vector3.new(11.7826, -2.3767, 0),
    },
    {
        Vector3.new(-10.6700, -2.3767, 0),
        Vector3.new(-11.0777, -2.6865, 0),
        Vector3.new(-11.4853, -2.9963, 0),
        Vector3.new(-11.8929, -3.3061, 0),
        Vector3.new(-12.1155, -3.7604, 0),
        Vector3.new(-12.2062, -4.2449, 0),
        Vector3.new(-12.1263, -4.7506, 0),
        Vector3.new(-12.0465, -5.2563, 0),
        Vector3.new(-11.9666, -5.7620, 0),
        Vector3.new(-11.6826, -6.1383, 0),
        Vector3.new(-11.2592, -6.4262, 0),
        Vector3.new(-10.8358, -6.7141, 0),
        Vector3.new(-10.3595, -6.8029, 0),
        Vector3.new(-9.8490, -6.7636, 0),
        Vector3.new(-9.3385, -6.7244, 0),
        Vector3.new(-8.8280, -6.6851, 0),
        Vector3.new(-8.3175, -6.6458, 0),
        Vector3.new(-8.0405, -6.3904, 0),
        Vector3.new(-8.0405, -5.8784, 0),
        Vector3.new(-8.1847, -5.5312, 0),
        Vector3.new(-8.6922, -5.5989, 0),
        Vector3.new(-9.1997, -5.6666, 0),
        Vector3.new(-9.6843, -5.6322, 0),
        Vector3.new(-10.1142, -5.3541, 0),
        Vector3.new(-10.2661, -5.1553, 0),
        Vector3.new(-9.7542, -5.1460, 0),
        Vector3.new(-9.2423, -5.1367, 0),
        Vector3.new(-8.7304, -5.1274, 0),
        Vector3.new(-8.2185, -5.1181, 0),
        Vector3.new(-7.7066, -5.1087, 0),
        Vector3.new(-7.6736, -4.6678, 0),
        Vector3.new(-7.7173, -4.1577, 0),
        Vector3.new(-7.7610, -3.6476, 0),
        Vector3.new(-7.9205, -3.1870, 0),
        Vector3.new(-8.2592, -2.8030, 0),
        Vector3.new(-8.6244, -2.4741, 0),
        Vector3.new(-9.1358, -2.4498, 0),
        Vector3.new(-9.6472, -2.4254, 0),
        Vector3.new(-10.1586, -2.4011, 0),
        Vector3.new(-10.6700, -2.3767, 0),
    },
    {
        Vector3.new(1.3654, -2.3767, 0),
        Vector3.new(1.3596, -2.8779, 0),
        Vector3.new(1.3538, -3.3791, 0),
        Vector3.new(1.3481, -3.8802, 0),
        Vector3.new(1.3423, -4.3814, 0),
        Vector3.new(1.3366, -4.8825, 0),
        Vector3.new(1.3308, -5.3837, 0),
        Vector3.new(1.3250, -5.8848, 0),
        Vector3.new(1.3193, -6.3860, 0),
        Vector3.new(1.4257, -6.7789, 0),
        Vector3.new(1.9267, -6.7912, 0),
        Vector3.new(2.4278, -6.8034, 0),
        Vector3.new(2.9288, -6.8156, 0),
        Vector3.new(3.3904, -6.7851, 0),
        Vector3.new(3.4177, -6.2847, 0),
        Vector3.new(3.4450, -5.7842, 0),
        Vector3.new(3.4723, -5.2838, 0),
        Vector3.new(3.4996, -4.7833, 0),
        Vector3.new(3.5269, -4.2829, 0),
        Vector3.new(3.7965, -3.9863, 0),
        Vector3.new(4.2849, -3.8736, 0),
        Vector3.new(4.7732, -3.7609, 0),
        Vector3.new(4.8546, -3.3244, 0),
        Vector3.new(4.8546, -2.8232, 0),
        Vector3.new(4.7495, -2.4211, 0),
        Vector3.new(4.2492, -2.3917, 0),
        Vector3.new(3.8207, -2.5510, 0),
        Vector3.new(3.4829, -2.8505, 0),
        Vector3.new(3.3701, -2.3767, 0),
        Vector3.new(2.8689, -2.3767, 0),
        Vector3.new(2.3677, -2.3767, 0),
        Vector3.new(1.8665, -2.3767, 0),
        Vector3.new(1.3654, -2.3767, 0),
    },
    {
        Vector3.new(6.8268, -2.3767, 0),
        Vector3.new(6.3487, -2.5560, 0),
        Vector3.new(5.9264, -2.8079, 0),
        Vector3.new(5.6297, -3.2234, 0),
        Vector3.new(5.3329, -3.6389, 0),
        Vector3.new(5.2592, -4.1259, 0),
        Vector3.new(5.2592, -4.6364, 0),
        Vector3.new(5.2592, -5.1470, 0),
        Vector3.new(5.3841, -5.6127, 0),
        Vector3.new(5.7093, -6.0063, 0),
        Vector3.new(6.0345, -6.4000, 0),
        Vector3.new(6.4387, -6.6407, 0),
        Vector3.new(6.9479, -6.6784, 0),
        Vector3.new(7.4570, -6.7162, 0),
        Vector3.new(7.9662, -6.7539, 0),
        Vector3.new(8.4754, -6.7916, 0),
        Vector3.new(8.9784, -6.8070, 0),
        Vector3.new(9.2995, -6.4645, 0),
        Vector3.new(9.2752, -5.9545, 0),
        Vector3.new(9.1871, -5.5209, 0),
        Vector3.new(8.6810, -5.5884, 0),
        Vector3.new(8.1749, -5.6559, 0),
        Vector3.new(7.6845, -5.6698, 0),
        Vector3.new(7.2947, -5.3400, 0),
        Vector3.new(7.3084, -5.1539, 0),
        Vector3.new(7.8189, -5.1446, 0),
        Vector3.new(8.3294, -5.1353, 0),
        Vector3.new(8.8399, -5.1260, 0),
        Vector3.new(9.3504, -5.1167, 0),
        Vector3.new(9.8609, -5.1075, 0),
    },
    {
        Vector3.new(-15.7269, -10.1643, 0),
        Vector3.new(-16.2034, -10.3232, 0),
        Vector3.new(-16.6798, -10.4820, 0),
        Vector3.new(-17.1676, -10.5815, 0),
        Vector3.new(-17.6691, -10.6094, 0),
        Vector3.new(-18.1705, -10.6372, 0),
        Vector3.new(-18.6720, -10.6651, 0),
        Vector3.new(-19.1735, -10.6929, 0),
        Vector3.new(-19.6749, -10.7208, 0),
        Vector3.new(-20.1764, -10.7487, 0),
        Vector3.new(-20.6284, -10.8555, 0),
        Vector3.new(-20.7564, -11.2277, 0),
        Vector3.new(-20.2542, -11.2368, 0),
        Vector3.new(-19.7521, -11.2460, 0),
        Vector3.new(-19.2499, -11.2551, 0),
        Vector3.new(-18.7478, -11.2642, 0),
        Vector3.new(-18.2456, -11.2734, 0),
        Vector3.new(-17.8403, -11.0957, 0),
        Vector3.new(-17.4577, -11.2095, 0),
        Vector3.new(-16.9683, -11.0965, 0),
        Vector3.new(-16.4789, -10.9836, 0),
        Vector3.new(-15.9896, -10.8707, 0),
        Vector3.new(-15.5002, -10.7578, 0),
        Vector3.new(-15.0108, -10.6448, 0),
        Vector3.new(-14.5215, -10.5319, 0),
        Vector3.new(-14.7225, -10.1643, 0),
        Vector3.new(-15.2247, -10.1643, 0),
        Vector3.new(-15.7269, -10.1643, 0),
    },
    {
        Vector3.new(25.6384, -0.4551, 0),
        Vector3.new(25.2519, -0.7844, 0),
        Vector3.new(24.8654, -1.1136, 0),
        Vector3.new(24.4789, -1.4429, 0),
        Vector3.new(24.2033, -1.8450, 0),
        Vector3.new(24.0540, -2.3303, 0),
        Vector3.new(23.9046, -2.8156, 0),
        Vector3.new(23.8685, -3.3179, 0),
        Vector3.new(23.8685, -3.8256, 0),
        Vector3.new(23.8685, -4.3333, 0),
        Vector3.new(23.9538, -4.8282, 0),
        Vector3.new(24.1031, -5.3135, 0),
        Vector3.new(24.2524, -5.7988, 0),
        Vector3.new(24.6103, -6.1446, 0),
        Vector3.new(25.0017, -6.4679, 0),
        Vector3.new(25.3932, -6.7913, 0),
        Vector3.new(25.8882, -6.8268, 0),
        Vector3.new(26.3959, -6.8268, 0),
        Vector3.new(26.9036, -6.8268, 0),
        Vector3.new(27.3503, -6.6609, 0),
        Vector3.new(27.7368, -6.3317, 0),
        Vector3.new(28.1233, -6.0024, 0),
        Vector3.new(28.5098, -5.6732, 0),
        Vector3.new(28.6366, -5.1843, 0),
        Vector3.new(28.7557, -4.6908, 0),
        Vector3.new(28.8748, -4.1972, 0),
    },
    {
        Vector3.new(-25.8913, -1.0114, 0),
        Vector3.new(-25.4249, -0.8248, 0),
        Vector3.new(-24.9585, -0.6383, 0),
        Vector3.new(-24.8966, -0.1895, 0),
        Vector3.new(-24.9167, 0.3124, 0),
        Vector3.new(-25.0875, 0.6574, 0),
        Vector3.new(-25.5899, 0.6574, 0),
        Vector3.new(-25.7130, 0.2098, 0),
        Vector3.new(-26.0804, 0.0506, 0),
        Vector3.new(-26.5828, 0.0506, 0),
        Vector3.new(-27.0465, 0.1438, 0),
        Vector3.new(-27.4016, 0.4990, 0),
        Vector3.new(-27.8384, 0.6574, 0),
        Vector3.new(-28.3407, 0.6574, 0),
        Vector3.new(-28.7453, 0.4488, 0),
        Vector3.new(-29.0669, 0.0629, 0),
        Vector3.new(-29.5634, 0.0506, 0),
        Vector3.new(-29.8547, 0.3920, 0),
        Vector3.new(-30.1930, 0.6574, 0),
        Vector3.new(-30.6953, 0.6574, 0),
    },
    {
        Vector3.new(19.9747, -7.5348, 0),
        Vector3.new(19.9747, -8.0659, 0),
        Vector3.new(20.4301, -8.1354, 0),
        Vector3.new(20.9612, -8.1281, 0),
        Vector3.new(21.4923, -8.1208, 0),
        Vector3.new(22.0234, -8.1135, 0),
        Vector3.new(22.5545, -8.1063, 0),
        Vector3.new(23.0856, -8.0990, 0),
        Vector3.new(23.6167, -8.0917, 0),
        Vector3.new(23.6226, -7.6115, 0),
        Vector3.new(23.1615, -7.5348, 0),
        Vector3.new(22.6304, -7.5348, 0),
        Vector3.new(22.0993, -7.5348, 0),
        Vector3.new(21.5681, -7.5348, 0),
        Vector3.new(21.0370, -7.5348, 0),
        Vector3.new(20.5059, -7.5348, 0),
        Vector3.new(19.9747, -7.5348, 0),
    },
    {
        Vector3.new(26.3464, -1.7699, 0),
        Vector3.new(25.9804, -2.1359, 0),
        Vector3.new(25.8913, -2.6167, 0),
        Vector3.new(25.8913, -3.1343, 0),
        Vector3.new(25.8913, -3.6520, 0),
        Vector3.new(25.8913, -4.1696, 0),
        Vector3.new(25.8913, -4.6872, 0),
        Vector3.new(26.0058, -5.1506, 0),
        Vector3.new(26.4064, -5.4784, 0),
        Vector3.new(26.7120, -5.1301, 0),
        Vector3.new(26.9027, -4.6720, 0),
        Vector3.new(26.9027, -4.1544, 0),
        Vector3.new(26.9027, -3.6367, 0),
        Vector3.new(26.9027, -3.1191, 0),
        Vector3.new(26.9027, -2.6014, 0),
        Vector3.new(26.6808, -2.1651, 0),
        Vector3.new(26.3464, -1.7699, 0),
    },
    {
        Vector3.new(-30.6953, 0.6574, 0),
        Vector3.new(-30.7864, 0.1413, 0),
        Vector3.new(-30.7640, -0.3564, 0),
        Vector3.new(-30.5156, -0.8178, 0),
        Vector3.new(-30.0165, -0.8597, 0),
        Vector3.new(-29.4925, -0.8597, 0),
        Vector3.new(-28.9685, -0.8597, 0),
        Vector3.new(-28.4501, -0.8435, 0),
        Vector3.new(-28.0409, -0.5162, 0),
        Vector3.new(-27.5698, -0.6160, 0),
        Vector3.new(-27.0845, -0.8137, 0),
        Vector3.new(-26.5992, -1.0114, 0),
    },
    {
        Vector3.new(28.8748, -2.8824, 0),
        Vector3.new(28.7846, -2.3708, 0),
        Vector3.new(28.6275, -1.8869, 0),
        Vector3.new(28.3285, -1.4620, 0),
        Vector3.new(28.0295, -1.0371, 0),
        Vector3.new(27.7073, -0.6522, 0),
        Vector3.new(27.1901, -0.6029, 0),
        Vector3.new(26.6729, -0.5536, 0),
        Vector3.new(26.1556, -0.5044, 0),
        Vector3.new(25.6384, -0.4551, 0),
    },
    {
        Vector3.new(-31.8078, -9.2541, 0),
        Vector3.new(-31.3115, -9.4797, 0),
        Vector3.new(-30.8151, -9.7054, 0),
        Vector3.new(-30.2820, -9.7433, 0),
        Vector3.new(-29.7372, -9.7215, 0),
        Vector3.new(-29.6658, -9.6643, 0),
        Vector3.new(-30.2013, -9.5617, 0),
        Vector3.new(-30.7368, -9.4592, 0),
        Vector3.new(-31.2723, -9.3567, 0),
        Vector3.new(-31.8078, -9.2541, 0),
    },
    {
        Vector3.new(-33.4260, -9.7598, 0),
        Vector3.new(-33.8653, -10.0639, 0),
        Vector3.new(-34.0454, -10.4810, 0),
        Vector3.new(-33.5876, -10.5554, 0),
        Vector3.new(-33.0537, -10.5392, 0),
        Vector3.new(-32.5197, -10.5230, 0),
        Vector3.new(-32.4341, -10.1566, 0),
        Vector3.new(-32.9301, -9.9582, 0),
        Vector3.new(-33.4260, -9.7598, 0),
    },
    {
        Vector3.new(9.8609, -3.9949, 0),
        Vector3.new(9.5746, -3.5177, 0),
        Vector3.new(9.2883, -3.0406, 0),
        Vector3.new(9.0020, -2.5634, 0),
        Vector3.new(8.4944, -2.4561, 0),
        Vector3.new(7.9385, -2.4297, 0),
        Vector3.new(7.3827, -2.4032, 0),
        Vector3.new(6.8268, -2.3767, 0),
    },
    {
        Vector3.new(-33.2238, 1.1631, 0),
        Vector3.new(-33.3998, 0.7424, 0),
        Vector3.new(-33.1566, 0.2944, 0),
        Vector3.new(-32.6075, 0.2849, 0),
        Vector3.new(-32.4454, 0.8361, 0),
        Vector3.new(-32.6501, 1.1293, 0),
        Vector3.new(-33.2238, 1.1631, 0),
    },
    {
        Vector3.new(-9.9621, -3.4893, 0),
        Vector3.new(-10.2998, -3.9771, 0),
        Vector3.new(-10.0304, -4.1651, 0),
        Vector3.new(-9.4377, -4.1933, 0),
        Vector3.new(-9.4396, -3.7706, 0),
        Vector3.new(-9.9621, -3.4893, 0),
    },
    {
        Vector3.new(7.5348, -3.4893, 0),
        Vector3.new(7.2125, -3.9547, 0),
        Vector3.new(7.4119, -4.1641, 0),
        Vector3.new(7.9772, -4.1939, 0),
        Vector3.new(8.0502, -3.7235, 0),
        Vector3.new(7.5348, -3.4893, 0),
    },
    {
        Vector3.new(-22.6043, 1.0619, 0),
        Vector3.new(-22.6421, 0.4954, 0),
        Vector3.new(-22.2805, 0.2746, 0),
        Vector3.new(-21.9786, 0.5361, 0),
        Vector3.new(-22.0381, 1.0184, 0),
        Vector3.new(-22.6043, 1.0619, 0),
    },
    {
        Vector3.new(12.3894, -3.4893, 0),
        Vector3.new(12.1977, -3.9876, 0),
        Vector3.new(12.4995, -4.1680, 0),
        Vector3.new(13.0013, -4.1613, 0),
        Vector3.new(12.8595, -3.7424, 0),
        Vector3.new(12.3894, -3.4893, 0),
    },
    {
        Vector3.new(17.4463, -3.4893, 0),
        Vector3.new(17.2546, -3.9876, 0),
        Vector3.new(17.5563, -4.1680, 0),
        Vector3.new(18.0582, -4.1613, 0),
        Vector3.new(17.9164, -3.7424, 0),
        Vector3.new(17.4463, -3.4893, 0),
    },
    {
        Vector3.new(-28.3692, -9.9621, 0),
        Vector3.new(-27.9267, -10.1383, 0),
        Vector3.new(-27.7335, -10.0742, 0),
        Vector3.new(-28.3692, -9.9621, 0),
    },
    {
        Vector3.new(-27.4589, -10.1643, 0),
        Vector3.new(-27.0165, -10.3406, 0),
        Vector3.new(-26.8233, -10.2765, 0),
        Vector3.new(-27.4589, -10.1643, 0),
    },
    {
        Vector3.new(-25.4362, -8.8496, 0),
        Vector3.new(-25.3350, -9.4564, 0),
        Vector3.new(-25.4362, -8.8496, 0),
    },
    {
        Vector3.new(-29.3805, -9.7598, 0),
        Vector3.new(-28.9160, -9.9198, 0),
        Vector3.new(-29.3805, -9.7598, 0),
    },
    {
        Vector3.new(-33.8306, -4.1972, 0),
        Vector3.new(-33.6203, -4.4490, 0),
        Vector3.new(-33.8306, -4.1972, 0),
    },
    {
        Vector3.new(-24.8293, -7.2314, 0),
        Vector3.new(-24.8293, -7.2314, 0),
    },
    {
        Vector3.new(-25.2339, -8.4450, 0),
        Vector3.new(-25.2339, -8.4450, 0),
    },
    {
        Vector3.new(-32.5158, -8.8496, 0),
        Vector3.new(-32.5158, -8.8496, 0),
    },
    {
        Vector3.new(-32.1113, -9.0518, 0),
        Vector3.new(-32.1113, -9.0518, 0),
    },
    {
        Vector3.new(-31.8078, -10.5689, 0),
        Vector3.new(-31.8078, -10.5689, 0),
    },
    {
        Vector3.new(1.4665, -2.5284, 0),
        Vector3.new(1.4665, -3.0468, 0),
        Vector3.new(1.4665, -3.5651, 0),
        Vector3.new(1.4665, -4.0834, 0),
        Vector3.new(1.4665, -4.6018, 0),
        Vector3.new(1.4665, -5.1201, 0),
        Vector3.new(1.4665, -5.6384, 0),
        Vector3.new(1.4665, -6.1568, 0),
        Vector3.new(1.4665, -6.6751, 0),
    },
    {
        Vector3.new(0.6574, -3.6410, 0),
        Vector3.new(0.6574, -4.1466, 0),
        Vector3.new(0.6574, -4.6523, 0),
        Vector3.new(0.6574, -5.1580, 0),
        Vector3.new(0.6574, -5.6637, 0),
        Vector3.new(0.6574, -6.1694, 0),
        Vector3.new(0.6574, -6.6751, 0),
    },
    {
        Vector3.new(-5.1075, -4.1466, 0),
        Vector3.new(-5.1075, -4.6523, 0),
        Vector3.new(-5.1075, -5.1580, 0),
        Vector3.new(-5.1075, -5.6637, 0),
        Vector3.new(-5.1075, -6.1694, 0),
        Vector3.new(-5.1075, -6.6751, 0),
    },
    {
        Vector3.new(-1.1631, -4.1466, 0),
        Vector3.new(-1.1631, -4.6523, 0),
        Vector3.new(-1.1631, -5.1580, 0),
        Vector3.new(-1.1631, -5.6637, 0),
        Vector3.new(-1.1631, -6.1694, 0),
        Vector3.new(-1.1631, -6.6751, 0),
    },
    {
        Vector3.new(-20.9861, -10.8217, 0),
        Vector3.new(-20.9861, -11.4286, 0),
        Vector3.new(-20.3793, -11.4286, 0),
        Vector3.new(-19.7724, -11.4286, 0),
    },
    {
        Vector3.new(-16.0303, -9.4058, 0),
        Vector3.new(-15.4909, -9.4058, 0),
        Vector3.new(-14.9515, -9.4058, 0),
        Vector3.new(-14.4121, -9.4058, 0),
    },
    {
        Vector3.new(-34.2351, -11.3274, 0),
        Vector3.new(-33.6957, -11.3274, 0),
        Vector3.new(-33.1563, -11.3274, 0),
        Vector3.new(-32.6169, -11.3274, 0),
    },
    {
        Vector3.new(24.0202, -3.0341, 0),
        Vector3.new(24.0202, -3.7421, 0),
        Vector3.new(24.0202, -4.4501, 0),
    },
    {
        Vector3.new(-20.7838, -9.9115, 0),
        Vector3.new(-20.1770, -9.9115, 0),
        Vector3.new(-19.5702, -9.9115, 0),
    },
    {
        Vector3.new(-21.7952, -3.0341, 0),
        Vector3.new(-21.7952, -3.6410, 0),
        Vector3.new(-21.7952, -4.2478, 0),
    },
    {
        Vector3.new(-24.7282, -12.0354, 0),
        Vector3.new(-24.7282, -12.5917, 0),
        Vector3.new(-24.7282, -13.1479, 0),
    },
    {
        Vector3.new(-25.8407, -9.8104, 0),
        Vector3.new(-25.8172, -10.2926, 0),
        Vector3.new(-25.4362, -9.9115, 0),
    },
    {
        Vector3.new(-32.0101, 7.7876, 0),
        Vector3.new(-31.5044, 7.7876, 0),
        Vector3.new(-30.9987, 7.7876, 0),
    },
    {
        Vector3.new(-25.5373, -12.7434, 0),
        Vector3.new(-25.5373, -13.2491, 0),
        Vector3.new(-25.5373, -13.7547, 0),
    },
    {
        Vector3.new(28.7737, -3.0341, 0),
        Vector3.new(28.7737, -3.5398, 0),
        Vector3.new(28.7737, -4.0455, 0),
    },
    {
        Vector3.new(-12.0860, -4.1466, 0),
        Vector3.new(-12.0860, -4.6523, 0),
        Vector3.new(-12.0860, -5.1580, 0),
    },
    {
        Vector3.new(-20.9861, -4.5512, 0),
        Vector3.new(-20.9861, -5.0569, 0),
        Vector3.new(-20.9861, -5.5626, 0),
    },
    {
        Vector3.new(-27.9646, -11.1252, 0),
        Vector3.new(-27.0544, -11.1252, 0),
    },
    {
        Vector3.new(-19.9747, -12.0354, 0),
        Vector3.new(-19.0645, -12.0354, 0),
    },
    {
        Vector3.new(-24.6271, -4.9558, 0),
        Vector3.new(-23.7168, -4.9558, 0),
    },
    {
        Vector3.new(-27.3578, -11.8331, 0),
        Vector3.new(-26.5487, -11.8331, 0),
    },
    {
        Vector3.new(-26.7509, -0.1011, 0),
        Vector3.new(-25.9418, -0.1011, 0),
    },
    {
        Vector3.new(-32.3135, -2.8319, 0),
        Vector3.new(-32.3135, -3.6410, 0),
    },
    {
        Vector3.new(9.7598, -4.1466, 0),
        Vector3.new(9.7598, -4.9558, 0),
    },
    {
        Vector3.new(-21.5929, -5.2592, 0),
        Vector3.new(-21.5929, -6.0683, 0),
    },
    {
        Vector3.new(-35.2465, -9.9115, 0),
        Vector3.new(-35.2465, -10.7206, 0),
    },
    {
        Vector3.new(-17.8508, -10.4172, 0),
        Vector3.new(-17.0417, -10.4172, 0),
    },
    {
        Vector3.new(-28.1669, -12.4399, 0),
        Vector3.new(-27.3578, -12.4399, 0),
    },
    {
        Vector3.new(-30.2908, -9.9115, 0),
        Vector3.new(-29.5828, -9.9115, 0),
    },
    {
        Vector3.new(-34.9431, -0.5057, 0),
        Vector3.new(-34.9431, -1.2137, 0),
    },
    {
        Vector3.new(-28.6726, -9.7092, 0),
        Vector3.new(-28.0657, -9.8104, 0),
    },
    {
        Vector3.new(-31.3021, -10.5183, 0),
        Vector3.new(-30.6953, -10.6195, 0),
    },
    {
        Vector3.new(10.2655, -4.3489, 0),
        Vector3.new(10.2655, -4.9558, 0),
    },
    {
        Vector3.new(-8.1416, -5.8660, 0),
        Vector3.new(-8.1416, -6.4728, 0),
    },
    {
        Vector3.new(-27.5601, -3.7421, 0),
        Vector3.new(-26.9532, -3.7421, 0),
    },
    {
        Vector3.new(-33.3249, -10.6195, 0),
        Vector3.new(-32.7181, -10.6195, 0),
    },
    {
        Vector3.new(-25.8407, -11.3274, 0),
        Vector3.new(-25.2339, -11.3274, 0),
    },
    {
        Vector3.new(-24.2225, -3.6410, 0),
        Vector3.new(-24.1214, -4.1466, 0),
    },
    {
        Vector3.new(-25.0316, -7.2819, 0),
        Vector3.new(-25.1327, -7.7876, 0),
    },
    {
        Vector3.new(-29.0771, -10.1138, 0),
        Vector3.new(-28.5714, -10.2149, 0),
    },
    {
        Vector3.new(-31.8078, 6.9785, 0),
        Vector3.new(-31.3021, 6.9785, 0),
    },
    {
        Vector3.new(-33.5272, -2.1239, 0),
        Vector3.new(-33.0215, -2.1239, 0),
    },
    {
        Vector3.new(-16.0303, -11.0240, 0),
        Vector3.new(-15.5247, -11.0240, 0),
    },
    {
        Vector3.new(-33.9317, -5.8660, 0),
        Vector3.new(-33.9317, -6.3717, 0),
    },
    {
        Vector3.new(-32.7181, -8.6979, 0),
        Vector3.new(-32.8192, -8.7990, 0),
    },
    {
        Vector3.new(27.6192, -1.0494, 0),
        Vector3.new(28.0197, -1.4499, 0),
    },
    {
        Vector3.new(27.2759, -0.8206, 0),
        Vector3.new(27.6383, -1.1829, 0),
        Vector3.new(28.0006, -1.5453, 0),
        Vector3.new(28.3629, -1.9076, 0),
    },
    {
        Vector3.new(27.1043, -0.7634, 0),
        Vector3.new(27.5429, -1.2020, 0),
        Vector3.new(27.9815, -1.6406, 0),
        Vector3.new(28.4202, -2.0793, 0),
    },
    {
        Vector3.new(26.9898, -0.7634, 0),
        Vector3.new(27.4666, -1.2402, 0),
        Vector3.new(27.9434, -1.7169, 0),
        Vector3.new(28.4202, -2.1937, 0),
    },
    {
        Vector3.new(26.8754, -0.7634, 0),
        Vector3.new(27.2616, -1.1496, 0),
        Vector3.new(27.6478, -1.5357, 0),
        Vector3.new(28.0340, -1.9219, 0),
        Vector3.new(28.4202, -2.3081, 0),
    },
    {
        Vector3.new(26.7610, -0.7634, 0),
        Vector3.new(27.2044, -1.2068, 0),
        Vector3.new(27.6478, -1.6502, 0),
        Vector3.new(28.0912, -2.0936, 0),
        Vector3.new(28.5346, -2.5370, 0),
    },
    {
        Vector3.new(26.6466, -0.7634, 0),
        Vector3.new(27.0242, -1.1410, 0),
        Vector3.new(27.4018, -1.5186, 0),
        Vector3.new(27.7794, -1.8962, 0),
        Vector3.new(28.1570, -2.2738, 0),
        Vector3.new(28.5346, -2.6514, 0),
    },
    {
        Vector3.new(26.5321, -0.7634, 0),
        Vector3.new(26.9555, -1.1868, 0),
        Vector3.new(27.3789, -1.6101, 0),
        Vector3.new(27.8023, -2.0335, 0),
        Vector3.new(28.2256, -2.4569, 0),
        Vector3.new(28.6490, -2.8802, 0),
    },
    {
        Vector3.new(26.4177, -0.7634, 0),
        Vector3.new(26.7896, -1.1353, 0),
        Vector3.new(27.1615, -1.5071, 0),
        Vector3.new(27.5334, -1.8790, 0),
        Vector3.new(27.9052, -2.2509, 0),
        Vector3.new(28.2771, -2.6228, 0),
        Vector3.new(28.6490, -2.9947, 0),
    },
    {
        Vector3.new(26.3033, -0.7634, 0),
        Vector3.new(26.6942, -1.1543, 0),
        Vector3.new(27.0852, -1.5453, 0),
        Vector3.new(27.4761, -1.9362, 0),
        Vector3.new(27.8671, -2.3272, 0),
        Vector3.new(28.2580, -2.7181, 0),
        Vector3.new(28.6490, -3.1091, 0),
    },
    {
        Vector3.new(26.1889, -0.7634, 0),
        Vector3.new(26.5989, -1.1734, 0),
        Vector3.new(27.0089, -1.5834, 0),
        Vector3.new(27.4189, -1.9934, 0),
        Vector3.new(27.8290, -2.4035, 0),
        Vector3.new(28.2390, -2.8135, 0),
        Vector3.new(28.6490, -3.2235, 0),
    },
    {
        Vector3.new(26.0745, -0.7634, 0),
        Vector3.new(26.4422, -1.1312, 0),
        Vector3.new(26.8100, -1.4990, 0),
        Vector3.new(27.1778, -1.8668, 0),
        Vector3.new(27.5456, -2.2346, 0),
        Vector3.new(27.9134, -2.6023, 0),
        Vector3.new(28.2812, -2.9701, 0),
        Vector3.new(28.6490, -3.3379, 0),
    },
    {
        Vector3.new(25.9600, -0.7634, 0),
        Vector3.new(26.3442, -1.1475, 0),
        Vector3.new(26.7283, -1.5317, 0),
        Vector3.new(27.1124, -1.9158, 0),
        Vector3.new(27.4966, -2.2999, 0),
        Vector3.new(27.8807, -2.6841, 0),
        Vector3.new(28.2649, -3.0682, 0),
        Vector3.new(28.6490, -3.4524, 0),
    },
    {
        Vector3.new(25.9028, -0.8206, 0),
        Vector3.new(26.3319, -1.2497, 0),
        Vector3.new(26.7610, -1.6788, 0),
    },
    {
        Vector3.new(26.9898, -1.9076, 0),
        Vector3.new(27.4046, -2.3224, 0),
        Vector3.new(27.8194, -2.7372, 0),
        Vector3.new(28.2342, -3.1520, 0),
        Vector3.new(28.6490, -3.5668, 0),
    },
    {
        Vector3.new(25.7884, -0.8206, 0),
        Vector3.new(26.2175, -1.2497, 0),
        Vector3.new(26.6466, -1.6788, 0),
    },
    {
        Vector3.new(26.9898, -2.0221, 0),
        Vector3.new(27.4046, -2.4368, 0),
        Vector3.new(27.8194, -2.8516, 0),
        Vector3.new(28.2342, -3.2664, 0),
        Vector3.new(28.6490, -3.6812, 0),
    },
    {
        Vector3.new(25.6740, -0.8206, 0),
        Vector3.new(26.1031, -1.2497, 0),
        Vector3.new(26.5321, -1.6788, 0),
    },
    {
        Vector3.new(27.1043, -2.2509, 0),
        Vector3.new(27.4905, -2.6371, 0),
        Vector3.new(27.8766, -3.0233, 0),
        Vector3.new(28.2628, -3.4094, 0),
        Vector3.new(28.6490, -3.7956, 0),
    },
    {
        Vector3.new(25.6740, -0.9350, 0),
        Vector3.new(26.0458, -1.3069, 0),
        Vector3.new(26.4177, -1.6788, 0),
    },
    {
        Vector3.new(27.1615, -2.4225, 0),
        Vector3.new(27.5334, -2.7944, 0),
        Vector3.new(27.9052, -3.1663, 0),
        Vector3.new(28.2771, -3.5382, 0),
        Vector3.new(28.6490, -3.9101, 0),
    },
    {
        Vector3.new(25.5595, -0.9350, 0),
        Vector3.new(25.9314, -1.3069, 0),
        Vector3.new(26.3033, -1.6788, 0),
    },
    {
        Vector3.new(27.1615, -2.5370, 0),
        Vector3.new(27.5334, -2.9088, 0),
        Vector3.new(27.9052, -3.2807, 0),
        Vector3.new(28.2771, -3.6526, 0),
        Vector3.new(28.6490, -4.0245, 0),
    },
    {
        Vector3.new(25.4451, -0.9350, 0),
        Vector3.new(25.8170, -1.3069, 0),
        Vector3.new(26.1889, -1.6788, 0),
    },
    {
        Vector3.new(27.1615, -2.6514, 0),
        Vector3.new(27.5334, -3.0233, 0),
        Vector3.new(27.9052, -3.3951, 0),
        Vector3.new(28.2771, -3.7670, 0),
        Vector3.new(28.6490, -4.1389, 0),
    },
    {
        Vector3.new(25.4451, -1.0494, 0),
        Vector3.new(26.0745, -1.6788, 0),
    },
    {
        Vector3.new(27.1615, -2.7658, 0),
        Vector3.new(27.5334, -3.1377, 0),
        Vector3.new(27.9052, -3.5096, 0),
        Vector3.new(28.2771, -3.8814, 0),
        Vector3.new(28.6490, -4.2533, 0),
    },
    {
        Vector3.new(25.3307, -1.0494, 0),
        Vector3.new(26.0172, -1.7360, 0),
    },
    {
        Vector3.new(27.1615, -2.8802, 0),
        Vector3.new(27.5334, -3.2521, 0),
        Vector3.new(27.9052, -3.6240, 0),
        Vector3.new(28.2771, -3.9959, 0),
        Vector3.new(28.6490, -4.3678, 0),
    },
    {
        Vector3.new(25.2735, -1.1067, 0),
        Vector3.new(25.9600, -1.7932, 0),
    },
    {
        Vector3.new(27.1615, -2.9947, 0),
        Vector3.new(27.6383, -3.4714, 0),
        Vector3.new(28.1150, -3.9482, 0),
        Vector3.new(28.5918, -4.4250, 0),
    },
    {
        Vector3.new(25.2163, -1.1639, 0),
        Vector3.new(25.9028, -1.8504, 0),
    },
    {
        Vector3.new(27.1615, -3.1091, 0),
        Vector3.new(27.6192, -3.5668, 0),
        Vector3.new(28.0769, -4.0245, 0),
        Vector3.new(28.5346, -4.4822, 0),
    },
    {
        Vector3.new(25.1591, -1.2211, 0),
        Vector3.new(25.5309, -1.5930, 0),
        Vector3.new(25.9028, -1.9648, 0),
    },
    {
        Vector3.new(27.1615, -3.2235, 0),
        Vector3.new(27.6192, -3.6812, 0),
        Vector3.new(28.0769, -4.1389, 0),
        Vector3.new(28.5346, -4.5966, 0),
    },
    {
        Vector3.new(25.0446, -1.2211, 0),
        Vector3.new(25.4451, -1.6216, 0),
        Vector3.new(25.8456, -2.0221, 0),
    },
    {
        Vector3.new(27.1615, -3.3379, 0),
        Vector3.new(27.6192, -3.7956, 0),
        Vector3.new(28.0769, -4.2533, 0),
        Vector3.new(28.5346, -4.7110, 0),
    },
    {
        Vector3.new(25.0446, -1.3355, 0),
        Vector3.new(25.4165, -1.7074, 0),
        Vector3.new(25.7884, -2.0793, 0),
    },
    {
        Vector3.new(27.1615, -3.4524, 0),
        Vector3.new(27.6192, -3.9101, 0),
        Vector3.new(28.0769, -4.3678, 0),
        Vector3.new(28.5346, -4.8254, 0),
    },
    {
        Vector3.new(24.9874, -1.3927, 0),
        Vector3.new(25.3879, -1.7932, 0),
        Vector3.new(25.7884, -2.1937, 0),
    },
    {
        Vector3.new(27.1615, -3.5668, 0),
        Vector3.new(27.5810, -3.9863, 0),
        Vector3.new(28.0006, -4.4059, 0),
        Vector3.new(28.4202, -4.8254, 0),
    },
    {
        Vector3.new(24.9302, -1.4499, 0),
        Vector3.new(25.3593, -1.8790, 0),
        Vector3.new(25.7884, -2.3081, 0),
    },
    {
        Vector3.new(27.1615, -3.6812, 0),
        Vector3.new(27.5810, -4.1008, 0),
        Vector3.new(28.0006, -4.5203, 0),
        Vector3.new(28.4202, -4.9399, 0),
    },
    {
        Vector3.new(24.8730, -1.5071, 0),
        Vector3.new(25.3021, -1.9362, 0),
        Vector3.new(25.7312, -2.3653, 0),
    },
    {
        Vector3.new(27.1615, -3.7956, 0),
        Vector3.new(27.5810, -4.2152, 0),
        Vector3.new(28.0006, -4.6347, 0),
        Vector3.new(28.4202, -5.0543, 0),
    },
    {
        Vector3.new(24.8158, -1.5644, 0),
        Vector3.new(25.2735, -2.0221, 0),
        Vector3.new(25.7312, -2.4797, 0),
    },
    {
        Vector3.new(27.1615, -3.9101, 0),
        Vector3.new(27.5620, -4.3105, 0),
        Vector3.new(27.9625, -4.7110, 0),
        Vector3.new(28.3629, -5.1115, 0),
    },
    {
        Vector3.new(24.7586, -1.6216, 0),
        Vector3.new(25.2449, -2.1079, 0),
        Vector3.new(25.7312, -2.5942, 0),
    },
    {
        Vector3.new(27.1615, -4.0245, 0),
        Vector3.new(27.5620, -4.4250, 0),
        Vector3.new(27.9625, -4.8254, 0),
        Vector3.new(28.3629, -5.2259, 0),
    },
    {
        Vector3.new(24.7586, -1.7360, 0),
        Vector3.new(25.2449, -2.2223, 0),
        Vector3.new(25.7312, -2.7086, 0),
    },
    {
        Vector3.new(27.1615, -4.1389, 0),
        Vector3.new(27.5620, -4.5394, 0),
        Vector3.new(27.9625, -4.9399, 0),
        Vector3.new(28.3629, -5.3404, 0),
    },
    {
        Vector3.new(24.6441, -1.7360, 0),
        Vector3.new(25.0065, -2.0983, 0),
        Vector3.new(25.3688, -2.4607, 0),
        Vector3.new(25.7312, -2.8230, 0),
    },
    {
        Vector3.new(27.1615, -4.2533, 0),
        Vector3.new(27.5620, -4.6538, 0),
        Vector3.new(27.9625, -5.0543, 0),
        Vector3.new(28.3629, -5.4548, 0),
    },
    {
        Vector3.new(24.6441, -1.8504, 0),
        Vector3.new(25.0065, -2.2128, 0),
        Vector3.new(25.3688, -2.5751, 0),
        Vector3.new(25.7312, -2.9374, 0),
    },
    {
        Vector3.new(27.1615, -4.3678, 0),
        Vector3.new(27.5238, -4.7301, 0),
        Vector3.new(27.8862, -5.0924, 0),
        Vector3.new(28.2485, -5.4548, 0),
    },
    {
        Vector3.new(24.6441, -1.9648, 0),
        Vector3.new(25.0065, -2.3272, 0),
        Vector3.new(25.3688, -2.6895, 0),
        Vector3.new(25.7312, -3.0519, 0),
    },
    {
        Vector3.new(27.1615, -4.4822, 0),
        Vector3.new(27.5238, -4.8445, 0),
        Vector3.new(27.8862, -5.2069, 0),
        Vector3.new(28.2485, -5.5692, 0),
    },
    {
        Vector3.new(24.5297, -1.9648, 0),
        Vector3.new(24.9302, -2.3653, 0),
        Vector3.new(25.3307, -2.7658, 0),
        Vector3.new(25.7312, -3.1663, 0),
    },
    {
        Vector3.new(27.1615, -4.5966, 0),
        Vector3.new(27.6764, -5.1115, 0),
        Vector3.new(28.1913, -5.6264, 0),
    },
    {
        Vector3.new(24.5297, -2.0793, 0),
        Vector3.new(24.9302, -2.4797, 0),
        Vector3.new(25.3307, -2.8802, 0),
        Vector3.new(25.7312, -3.2807, 0),
    },
    {
        Vector3.new(27.1615, -4.7110, 0),
        Vector3.new(27.6478, -5.1973, 0),
        Vector3.new(28.1341, -5.6836, 0),
    },
    {
        Vector3.new(24.4725, -2.1365, 0),
        Vector3.new(24.8921, -2.5560, 0),
        Vector3.new(25.3116, -2.9756, 0),
        Vector3.new(25.7312, -3.3951, 0),
    },
    {
        Vector3.new(27.1615, -4.8254, 0),
        Vector3.new(27.6192, -5.2831, 0),
        Vector3.new(28.0769, -5.7408, 0),
    },
    {
        Vector3.new(24.4725, -2.2509, 0),
        Vector3.new(24.8921, -2.6705, 0),
        Vector3.new(25.3116, -3.0900, 0),
        Vector3.new(25.7312, -3.5096, 0),
    },
    {
        Vector3.new(27.1615, -4.9399, 0),
        Vector3.new(27.5906, -5.3690, 0),
        Vector3.new(28.0197, -5.7981, 0),
    },
    {
        Vector3.new(24.4725, -2.3653, 0),
        Vector3.new(24.8921, -2.7849, 0),
        Vector3.new(25.3116, -3.2044, 0),
        Vector3.new(25.7312, -3.6240, 0),
    },
    {
        Vector3.new(27.1043, -4.9971, 0),
        Vector3.new(27.5334, -5.4262, 0),
        Vector3.new(27.9625, -5.8553, 0),
    },
    {
        Vector3.new(24.4725, -2.4797, 0),
        Vector3.new(24.8921, -2.8993, 0),
        Vector3.new(25.3116, -3.3189, 0),
        Vector3.new(25.7312, -3.7384, 0),
    },
    {
        Vector3.new(27.1043, -5.1115, 0),
        Vector3.new(27.5334, -5.5406, 0),
        Vector3.new(27.9625, -5.9697, 0),
    },
    {
        Vector3.new(24.3581, -2.4797, 0),
        Vector3.new(24.8158, -2.9374, 0),
        Vector3.new(25.2735, -3.3951, 0),
        Vector3.new(25.7312, -3.8528, 0),
    },
    {
        Vector3.new(27.1043, -5.2259, 0),
        Vector3.new(27.5048, -5.6264, 0),
        Vector3.new(27.9052, -6.0269, 0),
    },
    {
        Vector3.new(24.3581, -2.5942, 0),
        Vector3.new(24.8158, -3.0519, 0),
        Vector3.new(25.2735, -3.5096, 0),
        Vector3.new(25.7312, -3.9673, 0),
    },
    {
        Vector3.new(27.0471, -5.2831, 0),
        Vector3.new(27.4475, -5.6836, 0),
        Vector3.new(27.8480, -6.0841, 0),
    },
    {
        Vector3.new(24.3581, -2.7086, 0),
        Vector3.new(24.8158, -3.1663, 0),
        Vector3.new(25.2735, -3.6240, 0),
        Vector3.new(25.7312, -4.0817, 0),
    },
    {
        Vector3.new(26.9898, -5.3404, 0),
        Vector3.new(27.3903, -5.7408, 0),
        Vector3.new(27.7908, -6.1413, 0),
    },
    {
        Vector3.new(24.3009, -2.7658, 0),
        Vector3.new(24.7776, -3.2426, 0),
        Vector3.new(25.2544, -3.7193, 0),
        Vector3.new(25.7312, -4.1961, 0),
    },
    {
        Vector3.new(26.9898, -5.4548, 0),
        Vector3.new(27.3617, -5.8267, 0),
        Vector3.new(27.7336, -6.1985, 0),
    },
    {
        Vector3.new(24.2437, -2.8230, 0),
        Vector3.new(24.6155, -3.1949, 0),
        Vector3.new(24.9874, -3.5668, 0),
        Vector3.new(25.3593, -3.9387, 0),
        Vector3.new(25.7312, -4.3105, 0),
    },
    {
        Vector3.new(26.9326, -5.5120, 0),
        Vector3.new(27.3045, -5.8839, 0),
        Vector3.new(27.6764, -6.2558, 0),
    },
    {
        Vector3.new(24.2437, -2.9374, 0),
        Vector3.new(24.6155, -3.3093, 0),
        Vector3.new(24.9874, -3.6812, 0),
        Vector3.new(25.3593, -4.0531, 0),
        Vector3.new(25.7312, -4.4250, 0),
    },
    {
        Vector3.new(26.8754, -5.5692, 0),
        Vector3.new(27.2473, -5.9411, 0),
        Vector3.new(27.6192, -6.3130, 0),
    },
    {
        Vector3.new(24.2437, -3.0519, 0),
        Vector3.new(24.6155, -3.4238, 0),
        Vector3.new(24.9874, -3.7956, 0),
        Vector3.new(25.3593, -4.1675, 0),
        Vector3.new(25.7312, -4.5394, 0),
    },
    {
        Vector3.new(26.8754, -5.6836, 0),
        Vector3.new(27.5620, -6.3702, 0),
    },
    {
        Vector3.new(24.2437, -3.1663, 0),
        Vector3.new(24.6155, -3.5382, 0),
        Vector3.new(24.9874, -3.9101, 0),
        Vector3.new(25.3593, -4.2819, 0),
        Vector3.new(25.7312, -4.6538, 0),
    },
    {
        Vector3.new(26.7610, -5.6836, 0),
        Vector3.new(27.4475, -6.3702, 0),
    },
    {
        Vector3.new(24.2437, -3.2807, 0),
        Vector3.new(24.6155, -3.6526, 0),
        Vector3.new(24.9874, -4.0245, 0),
        Vector3.new(25.3593, -4.3964, 0),
        Vector3.new(25.7312, -4.7682, 0),
    },
    {
        Vector3.new(26.6466, -5.6836, 0),
        Vector3.new(27.0185, -6.0555, 0),
        Vector3.new(27.3903, -6.4274, 0),
    },
    {
        Vector3.new(24.2437, -3.3951, 0),
        Vector3.new(24.6155, -3.7670, 0),
        Vector3.new(24.9874, -4.1389, 0),
        Vector3.new(25.3593, -4.5108, 0),
        Vector3.new(25.7312, -4.8827, 0),
    },
    {
        Vector3.new(26.5321, -5.6836, 0),
        Vector3.new(26.9040, -6.0555, 0),
        Vector3.new(27.2759, -6.4274, 0),
    },
    {
        Vector3.new(24.2437, -3.5096, 0),
        Vector3.new(24.6155, -3.8814, 0),
        Vector3.new(24.9874, -4.2533, 0),
        Vector3.new(25.3593, -4.6252, 0),
        Vector3.new(25.7312, -4.9971, 0),
    },
    {
        Vector3.new(26.4177, -5.6836, 0),
        Vector3.new(26.8182, -6.0841, 0),
        Vector3.new(27.2187, -6.4846, 0),
    },
    {
        Vector3.new(24.2437, -3.6240, 0),
        Vector3.new(24.6298, -4.0102, 0),
        Vector3.new(25.0160, -4.3964, 0),
        Vector3.new(25.4022, -4.7825, 0),
        Vector3.new(25.7884, -5.1687, 0),
    },
    {
        Vector3.new(26.3033, -5.6836, 0),
        Vector3.new(26.7324, -6.1127, 0),
        Vector3.new(27.1615, -6.5418, 0),
    },
    {
        Vector3.new(24.2437, -3.7384, 0),
        Vector3.new(24.6298, -4.1246, 0),
        Vector3.new(25.0160, -4.5108, 0),
        Vector3.new(25.4022, -4.8970, 0),
        Vector3.new(25.7884, -5.2831, 0),
    },
    {
        Vector3.new(26.1889, -5.6836, 0),
        Vector3.new(26.6180, -6.1127, 0),
        Vector3.new(27.0471, -6.5418, 0),
    },
    {
        Vector3.new(24.2437, -3.8528, 0),
        Vector3.new(24.6278, -4.2370, 0),
        Vector3.new(25.0119, -4.6211, 0),
        Vector3.new(25.3961, -5.0053, 0),
        Vector3.new(25.7802, -5.3894, 0),
        Vector3.new(26.1644, -5.7735, 0),
        Vector3.new(26.5485, -6.1577, 0),
        Vector3.new(26.9326, -6.5418, 0),
    },
    {
        Vector3.new(24.2437, -3.9673, 0),
        Vector3.new(24.6278, -4.3514, 0),
        Vector3.new(25.0119, -4.7355, 0),
        Vector3.new(25.3961, -5.1197, 0),
        Vector3.new(25.7802, -5.5038, 0),
        Vector3.new(26.1644, -5.8880, 0),
        Vector3.new(26.5485, -6.2721, 0),
        Vector3.new(26.9326, -6.6562, 0),
    },
    {
        Vector3.new(24.2437, -4.0817, 0),
        Vector3.new(24.6115, -4.4495, 0),
        Vector3.new(24.9792, -4.8173, 0),
        Vector3.new(25.3470, -5.1851, 0),
        Vector3.new(25.7148, -5.5529, 0),
        Vector3.new(26.0826, -5.9207, 0),
        Vector3.new(26.4504, -6.2884, 0),
        Vector3.new(26.8182, -6.6562, 0),
    },
    {
        Vector3.new(24.2437, -4.1961, 0),
        Vector3.new(24.6537, -4.6061, 0),
        Vector3.new(25.0637, -5.0162, 0),
        Vector3.new(25.4737, -5.4262, 0),
        Vector3.new(25.8837, -5.8362, 0),
        Vector3.new(26.2938, -6.2462, 0),
        Vector3.new(26.7038, -6.6562, 0),
    },
    {
        Vector3.new(24.2437, -4.3105, 0),
        Vector3.new(24.6346, -4.7015, 0),
        Vector3.new(25.0256, -5.0924, 0),
        Vector3.new(25.4165, -5.4834, 0),
        Vector3.new(25.8075, -5.8743, 0),
        Vector3.new(26.1984, -6.2653, 0),
        Vector3.new(26.5894, -6.6562, 0),
    },
    {
        Vector3.new(24.2437, -4.4250, 0),
        Vector3.new(24.6155, -4.7968, 0),
        Vector3.new(24.9874, -5.1687, 0),
        Vector3.new(25.3593, -5.5406, 0),
        Vector3.new(25.7312, -5.9125, 0),
        Vector3.new(26.1031, -6.2844, 0),
        Vector3.new(26.4749, -6.6562, 0),
    },
    {
        Vector3.new(24.2437, -4.5394, 0),
        Vector3.new(24.6670, -4.9628, 0),
        Vector3.new(25.0904, -5.3861, 0),
        Vector3.new(25.5138, -5.8095, 0),
        Vector3.new(25.9371, -6.2329, 0),
        Vector3.new(26.3605, -6.6562, 0),
    },
    {
        Vector3.new(24.2437, -4.6538, 0),
        Vector3.new(24.6441, -5.0543, 0),
        Vector3.new(25.0446, -5.4548, 0),
        Vector3.new(25.4451, -5.8553, 0),
        Vector3.new(25.8456, -6.2558, 0),
        Vector3.new(26.2461, -6.6562, 0),
    },
    {
        Vector3.new(24.3581, -4.8827, 0),
        Vector3.new(24.8015, -5.3261, 0),
        Vector3.new(25.2449, -5.7694, 0),
        Vector3.new(25.6883, -6.2128, 0),
        Vector3.new(26.1317, -6.6562, 0),
    },
    {
        Vector3.new(24.3581, -4.9971, 0),
        Vector3.new(24.7729, -5.4119, 0),
        Vector3.new(25.1877, -5.8267, 0),
        Vector3.new(25.6025, -6.2415, 0),
        Vector3.new(26.0172, -6.6562, 0),
    },
    {
        Vector3.new(24.4725, -5.2259, 0),
        Vector3.new(24.9493, -5.7027, 0),
        Vector3.new(25.4260, -6.1795, 0),
        Vector3.new(25.9028, -6.6562, 0),
    },
    {
        Vector3.new(24.4725, -5.3404, 0),
        Vector3.new(24.8730, -5.7408, 0),
        Vector3.new(25.2735, -6.1413, 0),
        Vector3.new(25.6740, -6.5418, 0),
    },
    {
        Vector3.new(24.4725, -5.4548, 0),
        Vector3.new(24.9588, -5.9411, 0),
        Vector3.new(25.4451, -6.4274, 0),
    },
    {
        Vector3.new(24.7586, -5.8553, 0),
        Vector3.new(25.2735, -6.3702, 0),
    },
    {
        Vector3.new(18.8085, -2.8802, 0),
        Vector3.new(19.4378, -3.5096, 0),
    },
    {
        Vector3.new(18.4652, -2.6514, 0),
        Vector3.new(18.8276, -3.0137, 0),
        Vector3.new(19.1899, -3.3761, 0),
        Vector3.new(19.5523, -3.7384, 0),
    },
    {
        Vector3.new(18.3508, -2.6514, 0),
        Vector3.new(18.7513, -3.0519, 0),
        Vector3.new(19.1518, -3.4524, 0),
        Vector3.new(19.5523, -3.8528, 0),
    },
    {
        Vector3.new(18.2364, -2.6514, 0),
        Vector3.new(18.7132, -3.1282, 0),
        Vector3.new(19.1899, -3.6049, 0),
        Vector3.new(19.6667, -4.0817, 0),
    },
    {
        Vector3.new(18.1220, -2.6514, 0),
        Vector3.new(18.5081, -3.0376, 0),
        Vector3.new(18.8943, -3.4238, 0),
        Vector3.new(19.2805, -3.8099, 0),
        Vector3.new(19.6667, -4.1961, 0),
    },
    {
        Vector3.new(18.0075, -2.6514, 0),
        Vector3.new(18.4223, -3.0662, 0),
        Vector3.new(18.8371, -3.4810, 0),
        Vector3.new(19.2519, -3.8958, 0),
        Vector3.new(19.6667, -4.3105, 0),
    },
    {
        Vector3.new(17.8931, -2.6514, 0),
        Vector3.new(18.3365, -3.0948, 0),
        Vector3.new(18.7799, -3.5382, 0),
        Vector3.new(19.2233, -3.9816, 0),
        Vector3.new(19.6667, -4.4250, 0),
    },
    {
        Vector3.new(17.7787, -2.6514, 0),
        Vector3.new(18.1563, -3.0290, 0),
        Vector3.new(18.5339, -3.4066, 0),
        Vector3.new(18.9115, -3.7842, 0),
        Vector3.new(19.2891, -4.1618, 0),
        Vector3.new(19.6667, -4.5394, 0),
    },
    {
        Vector3.new(17.6643, -2.6514, 0),
        Vector3.new(18.0647, -3.0519, 0),
        Vector3.new(18.4652, -3.4524, 0),
        Vector3.new(18.8657, -3.8528, 0),
        Vector3.new(19.2662, -4.2533, 0),
        Vector3.new(19.6667, -4.6538, 0),
    },
    {
        Vector3.new(17.5498, -2.6514, 0),
        Vector3.new(17.9732, -3.0748, 0),
        Vector3.new(18.3966, -3.4981, 0),
        Vector3.new(18.8199, -3.9215, 0),
        Vector3.new(19.2433, -4.3449, 0),
        Vector3.new(19.6667, -4.7682, 0),
    },
    {
        Vector3.new(17.4354, -2.6514, 0),
        Vector3.new(17.8073, -3.0233, 0),
        Vector3.new(18.1792, -3.3951, 0),
        Vector3.new(18.5510, -3.7670, 0),
        Vector3.new(18.9229, -4.1389, 0),
        Vector3.new(19.2948, -4.5108, 0),
        Vector3.new(19.6667, -4.8827, 0),
    },
    {
        Vector3.new(17.3210, -2.6514, 0),
        Vector3.new(17.7024, -3.0328, 0),
        Vector3.new(18.0838, -3.4142, 0),
        Vector3.new(18.4652, -3.7956, 0),
        Vector3.new(18.8466, -4.1770, 0),
        Vector3.new(19.2281, -4.5585, 0),
        Vector3.new(19.6095, -4.9399, 0),
    },
    {
        Vector3.new(17.2066, -2.6514, 0),
        Vector3.new(17.5784, -3.0233, 0),
        Vector3.new(17.9503, -3.3951, 0),
    },
    {
        Vector3.new(18.2936, -3.7384, 0),
        Vector3.new(18.6941, -4.1389, 0),
        Vector3.new(19.0946, -4.5394, 0),
        Vector3.new(19.4951, -4.9399, 0),
    },
    {
        Vector3.new(17.0921, -2.6514, 0),
        Vector3.new(17.4640, -3.0233, 0),
        Vector3.new(17.8359, -3.3951, 0),
    },
    {
        Vector3.new(18.4080, -3.9673, 0),
        Vector3.new(18.8943, -4.4536, 0),
        Vector3.new(19.3806, -4.9399, 0),
    },
    {
        Vector3.new(16.9777, -2.6514, 0),
        Vector3.new(17.3496, -3.0233, 0),
        Vector3.new(17.7215, -3.3951, 0),
    },
    {
        Vector3.new(18.4080, -4.0817, 0),
        Vector3.new(18.8371, -4.5108, 0),
        Vector3.new(19.2662, -4.9399, 0),
    },
    {
        Vector3.new(16.8633, -2.6514, 0),
        Vector3.new(17.2352, -3.0233, 0),
        Vector3.new(17.6070, -3.3951, 0),
    },
    {
        Vector3.new(18.4080, -4.1961, 0),
        Vector3.new(18.7799, -4.5680, 0),
        Vector3.new(19.1518, -4.9399, 0),
    },
    {
        Vector3.new(16.7489, -2.6514, 0),
        Vector3.new(17.1207, -3.0233, 0),
        Vector3.new(17.4926, -3.3951, 0),
    },
    {
        Vector3.new(18.3508, -4.2533, 0),
        Vector3.new(19.0374, -4.9399, 0),
    },
    {
        Vector3.new(16.7489, -2.7658, 0),
        Vector3.new(17.3782, -3.3951, 0),
    },
    {
        Vector3.new(18.2936, -4.3105, 0),
        Vector3.new(18.9229, -4.9399, 0),
    },
    {
        Vector3.new(16.6917, -2.8230, 0),
        Vector3.new(17.2638, -3.3951, 0),
    },
    {
        Vector3.new(18.2364, -4.3678, 0),
        Vector3.new(18.8085, -4.9399, 0),
    },
    {
        Vector3.new(16.6344, -2.8802, 0),
        Vector3.new(17.2066, -3.4524, 0),
    },
    {
        Vector3.new(18.1220, -4.3678, 0),
        Vector3.new(18.6941, -4.9399, 0),
    },
    {
        Vector3.new(16.5200, -2.8802, 0),
        Vector3.new(17.1494, -3.5096, 0),
    },
    {
        Vector3.new(18.0647, -4.4250, 0),
        Vector3.new(18.5797, -4.9399, 0),
    },
    {
        Vector3.new(16.4628, -2.9374, 0),
        Vector3.new(17.0921, -3.5668, 0),
    },
    {
        Vector3.new(18.0075, -4.4822, 0),
        Vector3.new(18.4652, -4.9399, 0),
    },
    {
        Vector3.new(16.3484, -2.9374, 0),
        Vector3.new(17.0349, -3.6240, 0),
    },
    {
        Vector3.new(17.8931, -4.4822, 0),
        Vector3.new(18.3508, -4.9399, 0),
    },
    {
        Vector3.new(16.3484, -3.0519, 0),
        Vector3.new(17.0349, -3.7384, 0),
    },
    {
        Vector3.new(17.7787, -4.4822, 0),
        Vector3.new(18.2364, -4.9399, 0),
    },
    {
        Vector3.new(16.2340, -3.0519, 0),
        Vector3.new(16.6058, -3.4238, 0),
        Vector3.new(16.9777, -3.7956, 0),
    },
    {
        Vector3.new(17.6643, -4.4822, 0),
        Vector3.new(18.1220, -4.9399, 0),
    },
    {
        Vector3.new(16.2340, -3.1663, 0),
        Vector3.new(16.9205, -3.8528, 0),
    },
    {
        Vector3.new(17.5498, -4.4822, 0),
        Vector3.new(18.0075, -4.9399, 0),
    },
    {
        Vector3.new(16.1767, -3.2235, 0),
        Vector3.new(16.5486, -3.5954, 0),
        Vector3.new(16.9205, -3.9673, 0),
    },
    {
        Vector3.new(17.4354, -4.4822, 0),
        Vector3.new(17.8931, -4.9399, 0),
    },
    {
        Vector3.new(18.8657, -5.9125, 0),
        Vector3.new(19.2662, -6.3130, 0),
    },
    {
        Vector3.new(16.1195, -3.2807, 0),
        Vector3.new(16.5200, -3.6812, 0),
        Vector3.new(16.9205, -4.0817, 0),
    },
    {
        Vector3.new(17.3210, -4.4822, 0),
        Vector3.new(17.7787, -4.9399, 0),
    },
    {
        Vector3.new(18.7513, -5.9125, 0),
        Vector3.new(19.2662, -6.4274, 0),
    },
    {
        Vector3.new(16.0623, -3.3379, 0),
        Vector3.new(16.4914, -3.7670, 0),
        Vector3.new(16.9205, -4.1961, 0),
    },
    {
        Vector3.new(17.2066, -4.4822, 0),
        Vector3.new(17.6643, -4.9399, 0),
    },
    {
        Vector3.new(18.6369, -5.9125, 0),
        Vector3.new(19.1518, -6.4274, 0),
    },
    {
        Vector3.new(15.9479, -3.3379, 0),
        Vector3.new(16.3484, -3.7384, 0),
        Vector3.new(16.7489, -4.1389, 0),
        Vector3.new(17.1494, -4.5394, 0),
        Vector3.new(17.5498, -4.9399, 0),
    },
    {
        Vector3.new(18.5224, -5.9125, 0),
        Vector3.new(19.0374, -6.4274, 0),
    },
    {
        Vector3.new(15.9479, -3.4524, 0),
        Vector3.new(16.3198, -3.8242, 0),
        Vector3.new(16.6917, -4.1961, 0),
        Vector3.new(17.0635, -4.5680, 0),
        Vector3.new(17.4354, -4.9399, 0),
    },
    {
        Vector3.new(18.4652, -5.9697, 0),
        Vector3.new(19.0374, -6.5418, 0),
    },
    {
        Vector3.new(15.8335, -3.4524, 0),
        Vector3.new(16.2053, -3.8242, 0),
        Vector3.new(16.5772, -4.1961, 0),
        Vector3.new(16.9491, -4.5680, 0),
        Vector3.new(17.3210, -4.9399, 0),
    },
    {
        Vector3.new(18.3508, -5.9697, 0),
        Vector3.new(18.9229, -6.5418, 0),
    },
    {
        Vector3.new(15.8335, -3.5668, 0),
        Vector3.new(16.2912, -4.0245, 0),
        Vector3.new(16.7489, -4.4822, 0),
        Vector3.new(17.2066, -4.9399, 0),
    },
    {
        Vector3.new(18.2364, -5.9697, 0),
        Vector3.new(18.8085, -6.5418, 0),
    },
    {
        Vector3.new(15.8335, -3.6812, 0),
        Vector3.new(16.2530, -4.1008, 0),
        Vector3.new(16.6726, -4.5203, 0),
        Vector3.new(17.0921, -4.9399, 0),
    },
    {
        Vector3.new(18.1220, -5.9697, 0),
        Vector3.new(18.6941, -6.5418, 0),
    },
    {
        Vector3.new(15.7763, -3.7384, 0),
        Vector3.new(16.1958, -4.1580, 0),
        Vector3.new(16.6154, -4.5775, 0),
        Vector3.new(17.0349, -4.9971, 0),
    },
    {
        Vector3.new(17.9503, -5.9125, 0),
        Vector3.new(18.6369, -6.5990, 0),
    },
    {
        Vector3.new(15.7190, -3.7956, 0),
        Vector3.new(16.1577, -4.2343, 0),
        Vector3.new(16.5963, -4.6729, 0),
        Vector3.new(17.0349, -5.1115, 0),
    },
    {
        Vector3.new(17.8359, -5.9125, 0),
        Vector3.new(18.2078, -6.2844, 0),
        Vector3.new(18.5797, -6.6562, 0),
    },
    {
        Vector3.new(15.6618, -3.8528, 0),
        Vector3.new(16.1195, -4.3105, 0),
        Vector3.new(16.5772, -4.7682, 0),
        Vector3.new(17.0349, -5.2259, 0),
    },
    {
        Vector3.new(17.7215, -5.9125, 0),
        Vector3.new(18.0934, -6.2844, 0),
        Vector3.new(18.4652, -6.6562, 0),
    },
    {
        Vector3.new(15.6618, -3.9673, 0),
        Vector3.new(16.1195, -4.4250, 0),
        Vector3.new(16.5772, -4.8827, 0),
        Vector3.new(17.0349, -5.3404, 0),
    },
    {
        Vector3.new(17.6070, -5.9125, 0),
        Vector3.new(17.9789, -6.2844, 0),
        Vector3.new(18.3508, -6.6562, 0),
    },
    {
        Vector3.new(15.5474, -3.9673, 0),
        Vector3.new(15.9193, -4.3391, 0),
        Vector3.new(16.2912, -4.7110, 0),
        Vector3.new(16.6630, -5.0829, 0),
        Vector3.new(17.0349, -5.4548, 0),
    },
    {
        Vector3.new(17.4926, -5.9125, 0),
        Vector3.new(17.8645, -6.2844, 0),
        Vector3.new(18.2364, -6.6562, 0),
    },
    {
        Vector3.new(15.5474, -4.0817, 0),
        Vector3.new(15.9152, -4.4495, 0),
        Vector3.new(16.2830, -4.8173, 0),
        Vector3.new(16.6508, -5.1851, 0),
        Vector3.new(17.0186, -5.5529, 0),
        Vector3.new(17.3864, -5.9207, 0),
        Vector3.new(17.7542, -6.2884, 0),
        Vector3.new(18.1220, -6.6562, 0),
    },
    {
        Vector3.new(15.5474, -4.1961, 0),
        Vector3.new(15.9574, -4.6061, 0),
        Vector3.new(16.3675, -5.0162, 0),
        Vector3.new(16.7775, -5.4262, 0),
        Vector3.new(17.1875, -5.8362, 0),
        Vector3.new(17.5975, -6.2462, 0),
        Vector3.new(18.0075, -6.6562, 0),
    },
    {
        Vector3.new(15.4330, -4.1961, 0),
        Vector3.new(15.8430, -4.6061, 0),
        Vector3.new(16.2530, -5.0162, 0),
        Vector3.new(16.6630, -5.4262, 0),
        Vector3.new(17.0731, -5.8362, 0),
        Vector3.new(17.4831, -6.2462, 0),
        Vector3.new(17.8931, -6.6562, 0),
    },
    {
        Vector3.new(15.4330, -4.3105, 0),
        Vector3.new(15.8239, -4.7015, 0),
        Vector3.new(16.2149, -5.0924, 0),
        Vector3.new(16.6058, -5.4834, 0),
        Vector3.new(16.9968, -5.8743, 0),
        Vector3.new(17.3877, -6.2653, 0),
        Vector3.new(17.7787, -6.6562, 0),
    },
    {
        Vector3.new(15.4330, -4.4250, 0),
        Vector3.new(15.8049, -4.7968, 0),
        Vector3.new(16.1767, -5.1687, 0),
        Vector3.new(16.5486, -5.5406, 0),
        Vector3.new(16.9205, -5.9125, 0),
        Vector3.new(17.2924, -6.2844, 0),
        Vector3.new(17.6643, -6.6562, 0),
    },
    {
        Vector3.new(15.4330, -4.5394, 0),
        Vector3.new(15.8564, -4.9628, 0),
        Vector3.new(16.2797, -5.3861, 0),
        Vector3.new(16.7031, -5.8095, 0),
        Vector3.new(17.1265, -6.2329, 0),
        Vector3.new(17.5498, -6.6562, 0),
    },
    {
        Vector3.new(13.4306, -2.6514, 0),
        Vector3.new(13.9455, -3.1663, 0),
        Vector3.new(14.4604, -3.6812, 0),
    },
    {
        Vector3.new(15.4330, -4.6538, 0),
        Vector3.new(15.8335, -5.0543, 0),
        Vector3.new(16.2340, -5.4548, 0),
        Vector3.new(16.6344, -5.8553, 0),
        Vector3.new(17.0349, -6.2558, 0),
        Vector3.new(17.4354, -6.6562, 0),
    },
    {
        Vector3.new(13.3161, -2.6514, 0),
        Vector3.new(13.6975, -3.0328, 0),
        Vector3.new(14.0790, -3.4142, 0),
        Vector3.new(14.4604, -3.7956, 0),
    },
    {
        Vector3.new(15.4330, -4.7682, 0),
        Vector3.new(15.8106, -5.1458, 0),
        Vector3.new(16.1882, -5.5234, 0),
        Vector3.new(16.5658, -5.9010, 0),
        Vector3.new(16.9434, -6.2786, 0),
        Vector3.new(17.3210, -6.6562, 0),
    },
    {
        Vector3.new(13.2017, -2.6514, 0),
        Vector3.new(13.6594, -3.1091, 0),
        Vector3.new(14.1171, -3.5668, 0),
        Vector3.new(14.5748, -4.0245, 0),
    },
    {
        Vector3.new(15.4330, -4.8827, 0),
        Vector3.new(15.8764, -5.3261, 0),
        Vector3.new(16.3198, -5.7694, 0),
        Vector3.new(16.7632, -6.2128, 0),
        Vector3.new(17.2066, -6.6562, 0),
    },
    {
        Vector3.new(13.0873, -2.6514, 0),
        Vector3.new(13.4592, -3.0233, 0),
        Vector3.new(13.8310, -3.3951, 0),
        Vector3.new(14.2029, -3.7670, 0),
        Vector3.new(14.5748, -4.1389, 0),
    },
    {
        Vector3.new(15.4330, -4.9971, 0),
        Vector3.new(15.8192, -5.3833, 0),
        Vector3.new(16.2053, -5.7694, 0),
        Vector3.new(16.5915, -6.1556, 0),
        Vector3.new(16.9777, -6.5418, 0),
    },
    {
        Vector3.new(12.9729, -2.6514, 0),
        Vector3.new(13.3733, -3.0519, 0),
        Vector3.new(13.7738, -3.4524, 0),
        Vector3.new(14.1743, -3.8528, 0),
        Vector3.new(14.5748, -4.2533, 0),
    },
    {
        Vector3.new(15.4330, -5.1115, 0),
        Vector3.new(15.9098, -5.5883, 0),
        Vector3.new(16.3865, -6.0650, 0),
        Vector3.new(16.8633, -6.5418, 0),
    },
    {
        Vector3.new(12.8584, -2.6514, 0),
        Vector3.new(13.2875, -3.0805, 0),
        Vector3.new(13.7166, -3.5096, 0),
        Vector3.new(14.1457, -3.9387, 0),
        Vector3.new(14.5748, -4.3678, 0),
    },
    {
        Vector3.new(15.5474, -5.3404, 0),
        Vector3.new(15.9479, -5.7408, 0),
        Vector3.new(16.3484, -6.1413, 0),
        Vector3.new(16.7489, -6.5418, 0),
    },
    {
        Vector3.new(12.7440, -2.6514, 0),
        Vector3.new(13.1102, -3.0175, 0),
        Vector3.new(13.4763, -3.3837, 0),
        Vector3.new(13.8425, -3.7499, 0),
        Vector3.new(14.2086, -4.1160, 0),
        Vector3.new(14.5748, -4.4822, 0),
    },
    {
        Vector3.new(15.6618, -5.5692, 0),
        Vector3.new(16.0623, -5.9697, 0),
        Vector3.new(16.4628, -6.3702, 0),
    },
    {
        Vector3.new(12.6296, -2.6514, 0),
        Vector3.new(13.0186, -3.0404, 0),
        Vector3.new(13.4077, -3.4295, 0),
        Vector3.new(13.7967, -3.8185, 0),
        Vector3.new(14.1858, -4.2076, 0),
        Vector3.new(14.5748, -4.5966, 0),
    },
    {
        Vector3.new(12.5152, -2.6514, 0),
        Vector3.new(12.9271, -3.0633, 0),
        Vector3.new(13.3390, -3.4752, 0),
        Vector3.new(13.7509, -3.8872, 0),
        Vector3.new(14.1629, -4.2991, 0),
        Vector3.new(14.5748, -4.7110, 0),
    },
    {
        Vector3.new(12.4007, -2.6514, 0),
        Vector3.new(12.7631, -3.0137, 0),
        Vector3.new(13.1254, -3.3761, 0),
        Vector3.new(13.4878, -3.7384, 0),
        Vector3.new(13.8501, -4.1008, 0),
        Vector3.new(14.2125, -4.4631, 0),
        Vector3.new(14.5748, -4.8254, 0),
    },
    {
        Vector3.new(12.2863, -2.6514, 0),
        Vector3.new(12.6677, -3.0328, 0),
        Vector3.new(13.0491, -3.4142, 0),
        Vector3.new(13.4306, -3.7956, 0),
        Vector3.new(13.8120, -4.1770, 0),
        Vector3.new(14.1934, -4.5585, 0),
        Vector3.new(14.5748, -4.9399, 0),
    },
    {
        Vector3.new(12.1719, -2.6514, 0),
        Vector3.new(12.5438, -3.0233, 0),
        Vector3.new(12.9156, -3.3951, 0),
    },
    {
        Vector3.new(13.1445, -3.6240, 0),
        Vector3.new(13.5831, -4.0626, 0),
        Vector3.new(14.0218, -4.5012, 0),
        Vector3.new(14.4604, -4.9399, 0),
    },
    {
        Vector3.new(12.0575, -2.6514, 0),
        Vector3.new(12.4293, -3.0233, 0),
        Vector3.new(12.8012, -3.3951, 0),
    },
    {
        Vector3.new(13.3161, -3.9101, 0),
        Vector3.new(13.8310, -4.4250, 0),
        Vector3.new(14.3460, -4.9399, 0),
    },
    {
        Vector3.new(11.9430, -2.6514, 0),
        Vector3.new(12.3149, -3.0233, 0),
        Vector3.new(12.6868, -3.3951, 0),
    },
    {
        Vector3.new(13.3161, -4.0245, 0),
        Vector3.new(13.7738, -4.4822, 0),
        Vector3.new(14.2315, -4.9399, 0),
    },
    {
        Vector3.new(11.8286, -2.6514, 0),
        Vector3.new(12.2005, -3.0233, 0),
        Vector3.new(12.5724, -3.3951, 0),
    },
    {
        Vector3.new(13.3161, -4.1389, 0),
        Vector3.new(13.7166, -4.5394, 0),
        Vector3.new(14.1171, -4.9399, 0),
    },
    {
        Vector3.new(11.8286, -2.7658, 0),
        Vector3.new(12.4580, -3.3951, 0),
    },
    {
        Vector3.new(13.3161, -4.2533, 0),
        Vector3.new(14.0027, -4.9399, 0),
    },
    {
        Vector3.new(11.7142, -2.7658, 0),
        Vector3.new(12.3435, -3.3951, 0),
    },
    {
        Vector3.new(13.2017, -4.2533, 0),
        Vector3.new(13.8883, -4.9399, 0),
    },
    {
        Vector3.new(11.5998, -2.7658, 0),
        Vector3.new(12.2291, -3.3951, 0),
    },
    {
        Vector3.new(13.2017, -4.3678, 0),
        Vector3.new(13.7738, -4.9399, 0),
    },
    {
        Vector3.new(11.5998, -2.8802, 0),
        Vector3.new(12.1719, -3.4524, 0),
    },
    {
        Vector3.new(13.0873, -4.3678, 0),
        Vector3.new(13.6594, -4.9399, 0),
    },
    {
        Vector3.new(11.4853, -2.8802, 0),
        Vector3.new(12.1147, -3.5096, 0),
    },
    {
        Vector3.new(13.0301, -4.4250, 0),
        Vector3.new(13.5450, -4.9399, 0),
    },
    {
        Vector3.new(11.4281, -2.9374, 0),
        Vector3.new(12.0575, -3.5668, 0),
    },
    {
        Vector3.new(12.9729, -4.4822, 0),
        Vector3.new(13.4306, -4.9399, 0),
    },
    {
        Vector3.new(11.3137, -2.9374, 0),
        Vector3.new(12.0003, -3.6240, 0),
    },
    {
        Vector3.new(12.8584, -4.4822, 0),
        Vector3.new(13.3161, -4.9399, 0),
    },
    {
        Vector3.new(11.3137, -3.0519, 0),
        Vector3.new(11.9430, -3.6812, 0),
    },
    {
        Vector3.new(12.7440, -4.4822, 0),
        Vector3.new(13.2017, -4.9399, 0),
    },
    {
        Vector3.new(11.1993, -3.0519, 0),
        Vector3.new(11.5712, -3.4238, 0),
        Vector3.new(11.9430, -3.7956, 0),
    },
    {
        Vector3.new(12.6296, -4.4822, 0),
        Vector3.new(13.0873, -4.9399, 0),
    },
    {
        Vector3.new(11.1993, -3.1663, 0),
        Vector3.new(11.8286, -3.7956, 0),
    },
    {
        Vector3.new(12.5152, -4.4822, 0),
        Vector3.new(12.9729, -4.9399, 0),
    },
    {
        Vector3.new(11.0849, -3.1663, 0),
        Vector3.new(11.4567, -3.5382, 0),
        Vector3.new(11.8286, -3.9101, 0),
    },
    {
        Vector3.new(12.4007, -4.4822, 0),
        Vector3.new(12.8584, -4.9399, 0),
    },
    {
        Vector3.new(11.0849, -3.2807, 0),
        Vector3.new(11.4567, -3.6526, 0),
        Vector3.new(11.8286, -4.0245, 0),
    },
    {
        Vector3.new(12.2863, -4.4822, 0),
        Vector3.new(12.7440, -4.9399, 0),
    },
    {
        Vector3.new(13.7166, -5.9125, 0),
        Vector3.new(14.1743, -6.3702, 0),
    },
    {
        Vector3.new(11.0276, -3.3379, 0),
        Vector3.new(11.4281, -3.7384, 0),
        Vector3.new(11.8286, -4.1389, 0),
    },
    {
        Vector3.new(12.1719, -4.4822, 0),
        Vector3.new(12.6296, -4.9399, 0),
    },
    {
        Vector3.new(13.6022, -5.9125, 0),
        Vector3.new(14.1171, -6.4274, 0),
    },
    {
        Vector3.new(10.9132, -3.3379, 0),
        Vector3.new(11.3709, -3.7956, 0),
        Vector3.new(11.8286, -4.2533, 0),
    },
    {
        Vector3.new(11.9430, -4.3678, 0),
        Vector3.new(12.5152, -4.9399, 0),
    },
    {
        Vector3.new(13.4878, -5.9125, 0),
        Vector3.new(14.0027, -6.4274, 0),
    },
    {
        Vector3.new(10.7988, -3.3379, 0),
        Vector3.new(11.1993, -3.7384, 0),
        Vector3.new(11.5998, -4.1389, 0),
        Vector3.new(12.0003, -4.5394, 0),
        Vector3.new(12.4007, -4.9399, 0),
    },
    {
        Vector3.new(13.4306, -5.9697, 0),
        Vector3.new(14.0027, -6.5418, 0),
    },
    {
        Vector3.new(10.7988, -3.4524, 0),
        Vector3.new(11.1707, -3.8242, 0),
        Vector3.new(11.5426, -4.1961, 0),
        Vector3.new(11.9144, -4.5680, 0),
        Vector3.new(12.2863, -4.9399, 0),
    },
    {
        Vector3.new(13.3161, -5.9697, 0),
        Vector3.new(13.8883, -6.5418, 0),
    },
    {
        Vector3.new(10.7988, -3.5668, 0),
        Vector3.new(11.2565, -4.0245, 0),
        Vector3.new(11.7142, -4.4822, 0),
        Vector3.new(12.1719, -4.9399, 0),
    },
    {
        Vector3.new(13.2017, -5.9697, 0),
        Vector3.new(13.7738, -6.5418, 0),
    },
    {
        Vector3.new(10.7988, -3.6812, 0),
        Vector3.new(11.2184, -4.1008, 0),
        Vector3.new(11.6379, -4.5203, 0),
        Vector3.new(12.0575, -4.9399, 0),
    },
    {
        Vector3.new(13.0873, -5.9697, 0),
        Vector3.new(13.6594, -6.5418, 0),
    },
    {
        Vector3.new(10.7988, -3.7956, 0),
        Vector3.new(11.1802, -4.1770, 0),
        Vector3.new(11.5616, -4.5585, 0),
        Vector3.new(11.9430, -4.9399, 0),
    },
    {
        Vector3.new(12.9156, -5.9125, 0),
        Vector3.new(13.2875, -6.2844, 0),
        Vector3.new(13.6594, -6.6562, 0),
    },
    {
        Vector3.new(10.6844, -3.7956, 0),
        Vector3.new(11.1039, -4.2152, 0),
        Vector3.new(11.5235, -4.6347, 0),
        Vector3.new(11.9430, -5.0543, 0),
    },
    {
        Vector3.new(12.8012, -5.9125, 0),
        Vector3.new(13.1731, -6.2844, 0),
        Vector3.new(13.5450, -6.6562, 0),
    },
    {
        Vector3.new(10.6844, -3.9101, 0),
        Vector3.new(11.1039, -4.3296, 0),
        Vector3.new(11.5235, -4.7492, 0),
        Vector3.new(11.9430, -5.1687, 0),
    },
    {
        Vector3.new(12.6868, -5.9125, 0),
        Vector3.new(13.0587, -6.2844, 0),
        Vector3.new(13.4306, -6.6562, 0),
    },
    {
        Vector3.new(10.6272, -3.9673, 0),
        Vector3.new(11.0658, -4.4059, 0),
        Vector3.new(11.5044, -4.8445, 0),
        Vector3.new(11.9430, -5.2831, 0),
    },
    {
        Vector3.new(12.5724, -5.9125, 0),
        Vector3.new(12.9443, -6.2844, 0),
        Vector3.new(13.3161, -6.6562, 0),
    },
    {
        Vector3.new(10.5700, -4.0245, 0),
        Vector3.new(11.0276, -4.4822, 0),
        Vector3.new(11.4853, -4.9399, 0),
        Vector3.new(11.9430, -5.3976, 0),
    },
    {
        Vector3.new(12.2291, -5.6836, 0),
        Vector3.new(12.7154, -6.1699, 0),
        Vector3.new(13.2017, -6.6562, 0),
    },
    {
        Vector3.new(10.5700, -4.1389, 0),
        Vector3.new(10.9296, -4.4985, 0),
        Vector3.new(11.2892, -4.8581, 0),
        Vector3.new(11.6488, -5.2178, 0),
        Vector3.new(12.0084, -5.5774, 0),
        Vector3.new(12.3680, -5.9370, 0),
        Vector3.new(12.7277, -6.2966, 0),
        Vector3.new(13.0873, -6.6562, 0),
    },
    {
        Vector3.new(10.5127, -4.1961, 0),
        Vector3.new(10.9228, -4.6061, 0),
        Vector3.new(11.3328, -5.0162, 0),
        Vector3.new(11.7428, -5.4262, 0),
        Vector3.new(12.1528, -5.8362, 0),
        Vector3.new(12.5628, -6.2462, 0),
        Vector3.new(12.9729, -6.6562, 0),
    },
    {
        Vector3.new(10.5127, -4.3105, 0),
        Vector3.new(10.9037, -4.7015, 0),
        Vector3.new(11.2946, -5.0924, 0),
        Vector3.new(11.6856, -5.4834, 0),
        Vector3.new(12.0765, -5.8743, 0),
        Vector3.new(12.4675, -6.2653, 0),
        Vector3.new(12.8584, -6.6562, 0),
    },
    {
        Vector3.new(10.5127, -4.4250, 0),
        Vector3.new(10.8846, -4.7968, 0),
        Vector3.new(11.2565, -5.1687, 0),
        Vector3.new(11.6284, -5.5406, 0),
        Vector3.new(12.0003, -5.9125, 0),
        Vector3.new(12.3721, -6.2844, 0),
        Vector3.new(12.7440, -6.6562, 0),
    },
    {
        Vector3.new(10.5127, -4.5394, 0),
        Vector3.new(10.9361, -4.9628, 0),
        Vector3.new(11.3595, -5.3861, 0),
        Vector3.new(11.7828, -5.8095, 0),
        Vector3.new(12.2062, -6.2329, 0),
        Vector3.new(12.6296, -6.6562, 0),
    },
    {
        Vector3.new(8.6247, -2.7658, 0),
        Vector3.new(9.3113, -3.4524, 0),
    },
    {
        Vector3.new(10.5127, -4.6538, 0),
        Vector3.new(10.9132, -5.0543, 0),
        Vector3.new(11.3137, -5.4548, 0),
        Vector3.new(11.7142, -5.8553, 0),
        Vector3.new(12.1147, -6.2558, 0),
        Vector3.new(12.5152, -6.6562, 0),
    },
    {
        Vector3.new(8.3959, -2.6514, 0),
        Vector3.new(8.9108, -3.1663, 0),
        Vector3.new(9.4257, -3.6812, 0),
    },
    {
        Vector3.new(10.5127, -4.7682, 0),
        Vector3.new(10.8903, -5.1458, 0),
        Vector3.new(11.2679, -5.5234, 0),
        Vector3.new(11.6455, -5.9010, 0),
        Vector3.new(12.0231, -6.2786, 0),
        Vector3.new(12.4007, -6.6562, 0),
    },
    {
        Vector3.new(8.2815, -2.6514, 0),
        Vector3.new(8.7010, -3.0709, 0),
        Vector3.new(9.1206, -3.4905, 0),
        Vector3.new(9.5401, -3.9101, 0),
    },
    {
        Vector3.new(10.5127, -4.8827, 0),
        Vector3.new(10.9561, -5.3261, 0),
        Vector3.new(11.3995, -5.7694, 0),
        Vector3.new(11.8429, -6.2128, 0),
        Vector3.new(12.2863, -6.6562, 0),
    },
    {
        Vector3.new(8.1670, -2.6514, 0),
        Vector3.new(8.5389, -3.0233, 0),
        Vector3.new(8.9108, -3.3951, 0),
        Vector3.new(9.2827, -3.7670, 0),
        Vector3.new(9.6546, -4.1389, 0),
    },
    {
        Vector3.new(10.5127, -4.9971, 0),
        Vector3.new(10.9275, -5.4119, 0),
        Vector3.new(11.3423, -5.8267, 0),
        Vector3.new(11.7571, -6.2415, 0),
        Vector3.new(12.1719, -6.6562, 0),
    },
    {
        Vector3.new(8.0526, -2.6514, 0),
        Vector3.new(8.4531, -3.0519, 0),
        Vector3.new(8.8536, -3.4524, 0),
        Vector3.new(9.2541, -3.8528, 0),
        Vector3.new(9.6546, -4.2533, 0),
    },
    {
        Vector3.new(10.5127, -5.1115, 0),
        Vector3.new(10.8989, -5.4977, 0),
        Vector3.new(11.2851, -5.8839, 0),
        Vector3.new(11.6713, -6.2701, 0),
        Vector3.new(12.0575, -6.6562, 0),
    },
    {
        Vector3.new(7.9382, -2.6514, 0),
        Vector3.new(8.3673, -3.0805, 0),
        Vector3.new(8.7964, -3.5096, 0),
        Vector3.new(9.2255, -3.9387, 0),
        Vector3.new(9.6546, -4.3678, 0),
    },
    {
        Vector3.new(10.5700, -5.2831, 0),
        Vector3.new(10.9895, -5.7027, 0),
        Vector3.new(11.4091, -6.1223, 0),
        Vector3.new(11.8286, -6.5418, 0),
    },
    {
        Vector3.new(7.8238, -2.6514, 0),
        Vector3.new(8.1899, -3.0175, 0),
        Vector3.new(8.5561, -3.3837, 0),
        Vector3.new(8.9222, -3.7499, 0),
        Vector3.new(9.2884, -4.1160, 0),
        Vector3.new(9.6546, -4.4822, 0),
    },
    {
        Vector3.new(10.5700, -5.3976, 0),
        Vector3.new(11.0849, -5.9125, 0),
        Vector3.new(11.5998, -6.4274, 0),
    },
    {
        Vector3.new(7.7093, -2.6514, 0),
        Vector3.new(8.0984, -3.0404, 0),
        Vector3.new(8.4874, -3.4295, 0),
        Vector3.new(8.8765, -3.8185, 0),
        Vector3.new(9.2655, -4.2076, 0),
        Vector3.new(9.6546, -4.5966, 0),
    },
    {
        Vector3.new(10.7988, -5.7408, 0),
        Vector3.new(11.4853, -6.4274, 0),
    },
    {
        Vector3.new(7.5949, -2.6514, 0),
        Vector3.new(8.0068, -3.0633, 0),
        Vector3.new(8.4188, -3.4752, 0),
        Vector3.new(8.8307, -3.8872, 0),
        Vector3.new(9.2426, -4.2991, 0),
        Vector3.new(9.6546, -4.7110, 0),
    },
    {
        Vector3.new(7.4805, -2.6514, 0),
        Vector3.new(7.8428, -3.0137, 0),
        Vector3.new(8.2052, -3.3761, 0),
        Vector3.new(8.5675, -3.7384, 0),
        Vector3.new(8.9299, -4.1008, 0),
        Vector3.new(9.2922, -4.4631, 0),
        Vector3.new(9.6546, -4.8254, 0),
    },
    {
        Vector3.new(7.3661, -2.6514, 0),
        Vector3.new(7.7475, -3.0328, 0),
        Vector3.new(8.1289, -3.4142, 0),
        Vector3.new(8.5103, -3.7956, 0),
        Vector3.new(8.8917, -4.1770, 0),
        Vector3.new(9.2731, -4.5585, 0),
        Vector3.new(9.6546, -4.9399, 0),
    },
    {
        Vector3.new(7.2516, -2.6514, 0),
        Vector3.new(7.6235, -3.0233, 0),
        Vector3.new(7.9954, -3.3951, 0),
    },
    {
        Vector3.new(8.2815, -3.6812, 0),
        Vector3.new(8.7010, -4.1008, 0),
        Vector3.new(9.1206, -4.5203, 0),
        Vector3.new(9.5401, -4.9399, 0),
    },
    {
        Vector3.new(7.1372, -2.6514, 0),
        Vector3.new(7.5091, -3.0233, 0),
        Vector3.new(7.8810, -3.3951, 0),
    },
    {
        Vector3.new(8.3959, -3.9101, 0),
        Vector3.new(8.9108, -4.4250, 0),
        Vector3.new(9.4257, -4.9399, 0),
    },
    {
        Vector3.new(7.0228, -2.6514, 0),
        Vector3.new(7.3947, -3.0233, 0),
        Vector3.new(7.7666, -3.3951, 0),
    },
    {
        Vector3.new(8.3959, -4.0245, 0),
        Vector3.new(8.8536, -4.4822, 0),
        Vector3.new(9.3113, -4.9399, 0),
    },
    {
        Vector3.new(6.9084, -2.6514, 0),
        Vector3.new(7.2802, -3.0233, 0),
        Vector3.new(7.6521, -3.3951, 0),
    },
    {
        Vector3.new(8.3959, -4.1389, 0),
        Vector3.new(8.7964, -4.5394, 0),
        Vector3.new(9.1969, -4.9399, 0),
    },
    {
        Vector3.new(6.8512, -2.7086, 0),
        Vector3.new(7.5377, -3.3951, 0),
    },
    {
        Vector3.new(8.3959, -4.2533, 0),
        Vector3.new(9.0824, -4.9399, 0),
    },
    {
        Vector3.new(6.7939, -2.7658, 0),
        Vector3.new(7.4233, -3.3951, 0),
    },
    {
        Vector3.new(8.3959, -4.3678, 0),
        Vector3.new(8.9680, -4.9399, 0),
    },
    {
        Vector3.new(6.6795, -2.7658, 0),
        Vector3.new(7.3089, -3.3951, 0),
    },
    {
        Vector3.new(8.2815, -4.3678, 0),
        Vector3.new(8.8536, -4.9399, 0),
    },
    {
        Vector3.new(6.6795, -2.8802, 0),
        Vector3.new(7.1944, -3.3951, 0),
    },
    {
        Vector3.new(8.1670, -4.3678, 0),
        Vector3.new(8.7392, -4.9399, 0),
    },
    {
        Vector3.new(6.5651, -2.8802, 0),
        Vector3.new(7.1944, -3.5096, 0),
    },
    {
        Vector3.new(8.0526, -4.3678, 0),
        Vector3.new(8.6247, -4.9399, 0),
    },
    {
        Vector3.new(6.4507, -2.8802, 0),
        Vector3.new(7.0800, -3.5096, 0),
    },
    {
        Vector3.new(8.0526, -4.4822, 0),
        Vector3.new(8.5103, -4.9399, 0),
    },
    {
        Vector3.new(6.3935, -2.9374, 0),
        Vector3.new(7.0800, -3.6240, 0),
    },
    {
        Vector3.new(7.9382, -4.4822, 0),
        Vector3.new(8.3959, -4.9399, 0),
    },
    {
        Vector3.new(6.3362, -2.9947, 0),
        Vector3.new(7.0228, -3.6812, 0),
    },
    {
        Vector3.new(7.8238, -4.4822, 0),
        Vector3.new(8.2815, -4.9399, 0),
    },
    {
        Vector3.new(6.2790, -3.0519, 0),
        Vector3.new(6.9656, -3.7384, 0),
    },
    {
        Vector3.new(7.7093, -4.4822, 0),
        Vector3.new(8.1670, -4.9399, 0),
    },
    {
        Vector3.new(6.1646, -3.0519, 0),
        Vector3.new(6.5365, -3.4238, 0),
        Vector3.new(6.9084, -3.7956, 0),
    },
    {
        Vector3.new(7.5949, -4.4822, 0),
        Vector3.new(8.0526, -4.9399, 0),
    },
    {
        Vector3.new(6.1646, -3.1663, 0),
        Vector3.new(6.5365, -3.5382, 0),
        Vector3.new(6.9084, -3.9101, 0),
    },
    {
        Vector3.new(7.4805, -4.4822, 0),
        Vector3.new(7.9382, -4.9399, 0),
    },
    {
        Vector3.new(6.0502, -3.1663, 0),
        Vector3.new(6.4793, -3.5954, 0),
        Vector3.new(6.9084, -4.0245, 0),
    },
    {
        Vector3.new(7.3661, -4.4822, 0),
        Vector3.new(7.8238, -4.9399, 0),
    },
    {
        Vector3.new(6.0502, -3.2807, 0),
        Vector3.new(6.4793, -3.7098, 0),
        Vector3.new(6.9084, -4.1389, 0),
    },
    {
        Vector3.new(7.1372, -4.3678, 0),
        Vector3.new(7.7093, -4.9399, 0),
    },
    {
        Vector3.new(8.6819, -5.9125, 0),
        Vector3.new(9.1396, -6.3702, 0),
    },
    {
        Vector3.new(5.9358, -3.2807, 0),
        Vector3.new(6.3506, -3.6955, 0),
        Vector3.new(6.7653, -4.1103, 0),
        Vector3.new(7.1801, -4.5251, 0),
        Vector3.new(7.5949, -4.9399, 0),
    },
    {
        Vector3.new(8.5675, -5.9125, 0),
        Vector3.new(9.0824, -6.4274, 0),
    },
    {
        Vector3.new(5.9358, -3.3951, 0),
        Vector3.new(6.3219, -3.7813, 0),
        Vector3.new(6.7081, -4.1675, 0),
        Vector3.new(7.0943, -4.5537, 0),
        Vector3.new(7.4805, -4.9399, 0),
    },
    {
        Vector3.new(8.4531, -5.9125, 0),
        Vector3.new(9.0252, -6.4846, 0),
    },
    {
        Vector3.new(5.8786, -3.4524, 0),
        Vector3.new(6.2504, -3.8242, 0),
        Vector3.new(6.6223, -4.1961, 0),
        Vector3.new(6.9942, -4.5680, 0),
        Vector3.new(7.3661, -4.9399, 0),
    },
    {
        Vector3.new(8.3959, -5.9697, 0),
        Vector3.new(8.9680, -6.5418, 0),
    },
    {
        Vector3.new(5.8213, -3.5096, 0),
        Vector3.new(6.1789, -3.8671, 0),
        Vector3.new(6.5365, -4.2247, 0),
        Vector3.new(6.8941, -4.5823, 0),
        Vector3.new(7.2516, -4.9399, 0),
    },
    {
        Vector3.new(8.2815, -5.9697, 0),
        Vector3.new(8.8536, -6.5418, 0),
    },
    {
        Vector3.new(5.8213, -3.6240, 0),
        Vector3.new(6.2600, -4.0626, 0),
        Vector3.new(6.6986, -4.5012, 0),
        Vector3.new(7.1372, -4.9399, 0),
    },
    {
        Vector3.new(8.1670, -5.9697, 0),
        Vector3.new(8.7392, -6.5418, 0),
    },
    {
        Vector3.new(5.7641, -3.6812, 0),
        Vector3.new(6.2028, -4.1198, 0),
        Vector3.new(6.6414, -4.5585, 0),
        Vector3.new(7.0800, -4.9971, 0),
    },
    {
        Vector3.new(7.9954, -5.9125, 0),
        Vector3.new(8.6247, -6.5418, 0),
    },
    {
        Vector3.new(5.7641, -3.7956, 0),
        Vector3.new(6.1837, -4.2152, 0),
        Vector3.new(6.6032, -4.6347, 0),
        Vector3.new(7.0228, -5.0543, 0),
    },
    {
        Vector3.new(7.8810, -5.9125, 0),
        Vector3.new(8.2529, -6.2844, 0),
        Vector3.new(8.6247, -6.6562, 0),
    },
    {
        Vector3.new(5.7069, -3.8528, 0),
        Vector3.new(6.1265, -4.2724, 0),
        Vector3.new(6.5460, -4.6920, 0),
        Vector3.new(6.9656, -5.1115, 0),
    },
    {
        Vector3.new(7.7666, -5.9125, 0),
        Vector3.new(8.1384, -6.2844, 0),
        Vector3.new(8.5103, -6.6562, 0),
    },
    {
        Vector3.new(5.6497, -3.9101, 0),
        Vector3.new(6.0693, -4.3296, 0),
        Vector3.new(6.4888, -4.7492, 0),
        Vector3.new(6.9084, -5.1687, 0),
    },
    {
        Vector3.new(7.6521, -5.9125, 0),
        Vector3.new(8.0240, -6.2844, 0),
        Vector3.new(8.3959, -6.6562, 0),
    },
    {
        Vector3.new(4.2766, -2.6514, 0),
        Vector3.new(4.6771, -3.0519, 0),
    },
    {
        Vector3.new(5.6497, -4.0245, 0),
        Vector3.new(6.0693, -4.4440, 0),
        Vector3.new(6.4888, -4.8636, 0),
        Vector3.new(6.9084, -5.2831, 0),
    },
    {
        Vector3.new(7.5377, -5.9125, 0),
        Vector3.new(7.9096, -6.2844, 0),
        Vector3.new(8.2815, -6.6562, 0),
    },
    {
        Vector3.new(4.1622, -2.6514, 0),
        Vector3.new(4.6771, -3.1663, 0),
    },
    {
        Vector3.new(5.5925, -4.0817, 0),
        Vector3.new(6.0311, -4.5203, 0),
        Vector3.new(6.4697, -4.9589, 0),
        Vector3.new(6.9084, -5.3976, 0),
    },
    {
        Vector3.new(7.3089, -5.7981, 0),
        Vector3.new(7.7379, -6.2271, 0),
        Vector3.new(8.1670, -6.6562, 0),
    },
    {
        Vector3.new(4.0478, -2.6514, 0),
        Vector3.new(4.6771, -3.2807, 0),
    },
    {
        Vector3.new(5.5353, -4.1389, 0),
        Vector3.new(5.8949, -4.4985, 0),
        Vector3.new(6.2545, -4.8581, 0),
        Vector3.new(6.6141, -5.2178, 0),
        Vector3.new(6.9738, -5.5774, 0),
        Vector3.new(7.3334, -5.9370, 0),
        Vector3.new(7.6930, -6.2966, 0),
        Vector3.new(8.0526, -6.6562, 0),
    },
    {
        Vector3.new(4.0478, -2.7658, 0),
        Vector3.new(4.6771, -3.3951, 0),
    },
    {
        Vector3.new(5.5353, -4.2533, 0),
        Vector3.new(5.9358, -4.6538, 0),
        Vector3.new(6.3362, -5.0543, 0),
        Vector3.new(6.7367, -5.4548, 0),
        Vector3.new(7.1372, -5.8553, 0),
        Vector3.new(7.5377, -6.2558, 0),
        Vector3.new(7.9382, -6.6562, 0),
    },
    {
        Vector3.new(3.9333, -2.7658, 0),
        Vector3.new(4.3052, -3.1377, 0),
        Vector3.new(4.6771, -3.5096, 0),
    },
    {
        Vector3.new(5.5353, -4.3678, 0),
        Vector3.new(5.9167, -4.7492, 0),
        Vector3.new(6.2981, -5.1306, 0),
        Vector3.new(6.6795, -5.5120, 0),
        Vector3.new(7.0609, -5.8934, 0),
        Vector3.new(7.4424, -6.2748, 0),
        Vector3.new(7.8238, -6.6562, 0),
    },
    {
        Vector3.new(3.9333, -2.8802, 0),
        Vector3.new(4.3052, -3.2521, 0),
        Vector3.new(4.6771, -3.6240, 0),
    },
    {
        Vector3.new(5.5353, -4.4822, 0),
        Vector3.new(5.8976, -4.8445, 0),
        Vector3.new(6.2600, -5.2069, 0),
        Vector3.new(6.6223, -5.5692, 0),
        Vector3.new(6.9847, -5.9316, 0),
        Vector3.new(7.3470, -6.2939, 0),
        Vector3.new(7.7093, -6.6562, 0),
    },
    {
        Vector3.new(3.8761, -2.9374, 0),
        Vector3.new(4.5627, -3.6240, 0),
    },
    {
        Vector3.new(5.5353, -4.5966, 0),
        Vector3.new(5.9472, -5.0085, 0),
        Vector3.new(6.3591, -5.4205, 0),
        Vector3.new(6.7711, -5.8324, 0),
        Vector3.new(7.1830, -6.2443, 0),
        Vector3.new(7.5949, -6.6562, 0),
    },
    {
        Vector3.new(3.8189, -2.9947, 0),
        Vector3.new(4.4482, -3.6240, 0),
    },
    {
        Vector3.new(5.5353, -4.7110, 0),
        Vector3.new(5.9243, -5.1001, 0),
        Vector3.new(6.3134, -5.4891, 0),
        Vector3.new(6.7024, -5.8782, 0),
        Vector3.new(7.0914, -6.2672, 0),
        Vector3.new(7.4805, -6.6562, 0),
    },
    {
        Vector3.new(3.8189, -3.1091, 0),
        Vector3.new(4.3338, -3.6240, 0),
    },
    {
        Vector3.new(5.5353, -4.8254, 0),
        Vector3.new(5.9014, -5.1916, 0),
        Vector3.new(6.2676, -5.5578, 0),
        Vector3.new(6.6338, -5.9239, 0),
        Vector3.new(6.9999, -6.2901, 0),
        Vector3.new(7.3661, -6.6562, 0),
    },
    {
        Vector3.new(3.7617, -3.1663, 0),
        Vector3.new(4.2766, -3.6812, 0),
    },
    {
        Vector3.new(5.5353, -4.9399, 0),
        Vector3.new(5.9644, -5.3690, 0),
        Vector3.new(6.3935, -5.7981, 0),
        Vector3.new(6.8226, -6.2271, 0),
        Vector3.new(7.2516, -6.6562, 0),
    },
    {
        Vector3.new(3.6473, -3.1663, 0),
        Vector3.new(4.2194, -3.7384, 0),
    },
    {
        Vector3.new(5.5353, -5.0543, 0),
        Vector3.new(5.9358, -5.4548, 0),
        Vector3.new(6.3362, -5.8553, 0),
        Vector3.new(6.7367, -6.2558, 0),
        Vector3.new(7.1372, -6.6562, 0),
    },
    {
        Vector3.new(3.5329, -3.1663, 0),
        Vector3.new(4.1050, -3.7384, 0),
    },
    {
        Vector3.new(5.5353, -5.1687, 0),
        Vector3.new(5.9930, -5.6264, 0),
        Vector3.new(6.4507, -6.0841, 0),
        Vector3.new(6.9084, -6.5418, 0),
    },
    {
        Vector3.new(3.4184, -3.1663, 0),
        Vector3.new(3.9905, -3.7384, 0),
    },
    {
        Vector3.new(5.5353, -5.2831, 0),
        Vector3.new(5.9548, -5.7027, 0),
        Vector3.new(6.3744, -6.1223, 0),
        Vector3.new(6.7939, -6.5418, 0),
    },
    {
        Vector3.new(2.7891, -2.6514, 0),
        Vector3.new(3.1514, -3.0137, 0),
        Vector3.new(3.5138, -3.3761, 0),
        Vector3.new(3.8761, -3.7384, 0),
    },
    {
        Vector3.new(5.7641, -5.6264, 0),
        Vector3.new(6.1646, -6.0269, 0),
        Vector3.new(6.5651, -6.4274, 0),
    },
    {
        Vector3.new(2.6747, -2.6514, 0),
        Vector3.new(3.0370, -3.0137, 0),
        Vector3.new(3.3994, -3.3761, 0),
        Vector3.new(3.7617, -3.7384, 0),
    },
    {
        Vector3.new(5.7641, -5.7408, 0),
        Vector3.new(6.3935, -6.3702, 0),
    },
    {
        Vector3.new(2.5602, -2.6514, 0),
        Vector3.new(2.9417, -3.0328, 0),
        Vector3.new(3.3231, -3.4142, 0),
        Vector3.new(3.7045, -3.7956, 0),
    },
    {
        Vector3.new(2.4458, -2.6514, 0),
        Vector3.new(2.8272, -3.0328, 0),
        Vector3.new(3.2086, -3.4142, 0),
        Vector3.new(3.5901, -3.7956, 0),
    },
    {
        Vector3.new(2.3314, -2.6514, 0),
        Vector3.new(2.7510, -3.0709, 0),
        Vector3.new(3.1705, -3.4905, 0),
        Vector3.new(3.5901, -3.9101, 0),
    },
    {
        Vector3.new(2.2170, -2.6514, 0),
        Vector3.new(2.6365, -3.0709, 0),
        Vector3.new(3.0561, -3.4905, 0),
        Vector3.new(3.4756, -3.9101, 0),
    },
    {
        Vector3.new(2.1025, -2.6514, 0),
        Vector3.new(2.5602, -3.1091, 0),
        Vector3.new(3.0179, -3.5668, 0),
        Vector3.new(3.4756, -4.0245, 0),
    },
    {
        Vector3.new(1.9881, -2.6514, 0),
        Vector3.new(2.4458, -3.1091, 0),
        Vector3.new(2.9035, -3.5668, 0),
        Vector3.new(3.3612, -4.0245, 0),
    },
    {
        Vector3.new(1.8737, -2.6514, 0),
        Vector3.new(2.2456, -3.0233, 0),
        Vector3.new(2.6175, -3.3951, 0),
        Vector3.new(2.9893, -3.7670, 0),
        Vector3.new(3.3612, -4.1389, 0),
    },
    {
        Vector3.new(1.7593, -2.6514, 0),
        Vector3.new(2.1598, -3.0519, 0),
        Vector3.new(2.5602, -3.4524, 0),
        Vector3.new(2.9607, -3.8528, 0),
        Vector3.new(3.3612, -4.2533, 0),
    },
    {
        Vector3.new(1.7021, -2.7086, 0),
        Vector3.new(2.1169, -3.1234, 0),
        Vector3.new(2.5316, -3.5382, 0),
        Vector3.new(2.9464, -3.9530, 0),
        Vector3.new(3.3612, -4.3678, 0),
    },
    {
        Vector3.new(1.7021, -2.8230, 0),
        Vector3.new(2.1169, -3.2378, 0),
        Vector3.new(2.5316, -3.6526, 0),
        Vector3.new(2.9464, -4.0674, 0),
        Vector3.new(3.3612, -4.4822, 0),
    },
    {
        Vector3.new(1.7021, -2.9374, 0),
        Vector3.new(2.1169, -3.3522, 0),
        Vector3.new(2.5316, -3.7670, 0),
        Vector3.new(2.9464, -4.1818, 0),
        Vector3.new(3.3612, -4.5966, 0),
    },
    {
        Vector3.new(1.7021, -3.0519, 0),
        Vector3.new(2.1169, -3.4667, 0),
        Vector3.new(2.5316, -3.8814, 0),
        Vector3.new(2.9464, -4.2962, 0),
        Vector3.new(3.3612, -4.7110, 0),
    },
    {
        Vector3.new(1.7021, -3.1663, 0),
        Vector3.new(2.0882, -3.5525, 0),
        Vector3.new(2.4744, -3.9387, 0),
        Vector3.new(2.8606, -4.3248, 0),
        Vector3.new(3.2468, -4.7110, 0),
    },
    {
        Vector3.new(1.7021, -3.2807, 0),
        Vector3.new(2.0882, -3.6669, 0),
        Vector3.new(2.4744, -4.0531, 0),
        Vector3.new(2.8606, -4.4393, 0),
        Vector3.new(3.2468, -4.8254, 0),
    },
    {
        Vector3.new(1.7021, -3.3951, 0),
        Vector3.new(2.0882, -3.7813, 0),
        Vector3.new(2.4744, -4.1675, 0),
        Vector3.new(2.8606, -4.5537, 0),
        Vector3.new(3.2468, -4.9399, 0),
    },
    {
        Vector3.new(1.7021, -3.5096, 0),
        Vector3.new(2.0882, -3.8958, 0),
        Vector3.new(2.4744, -4.2819, 0),
        Vector3.new(2.8606, -4.6681, 0),
        Vector3.new(3.2468, -5.0543, 0),
    },
    {
        Vector3.new(1.7021, -3.6240, 0),
        Vector3.new(2.0882, -4.0102, 0),
        Vector3.new(2.4744, -4.3964, 0),
        Vector3.new(2.8606, -4.7825, 0),
        Vector3.new(3.2468, -5.1687, 0),
    },
    {
        Vector3.new(1.7021, -3.7384, 0),
        Vector3.new(2.0882, -4.1246, 0),
        Vector3.new(2.4744, -4.5108, 0),
        Vector3.new(2.8606, -4.8970, 0),
        Vector3.new(3.2468, -5.2831, 0),
    },
    {
        Vector3.new(1.7021, -3.8528, 0),
        Vector3.new(2.0882, -4.2390, 0),
        Vector3.new(2.4744, -4.6252, 0),
        Vector3.new(2.8606, -5.0114, 0),
        Vector3.new(3.2468, -5.3976, 0),
    },
    {
        Vector3.new(1.7021, -3.9673, 0),
        Vector3.new(2.0882, -4.3534, 0),
        Vector3.new(2.4744, -4.7396, 0),
        Vector3.new(2.8606, -5.1258, 0),
        Vector3.new(3.2468, -5.5120, 0),
    },
    {
        Vector3.new(1.7021, -4.0817, 0),
        Vector3.new(2.0882, -4.4679, 0),
        Vector3.new(2.4744, -4.8541, 0),
        Vector3.new(2.8606, -5.2402, 0),
        Vector3.new(3.2468, -5.6264, 0),
    },
    {
        Vector3.new(1.7021, -4.1961, 0),
        Vector3.new(2.0882, -4.5823, 0),
        Vector3.new(2.4744, -4.9685, 0),
        Vector3.new(2.8606, -5.3547, 0),
        Vector3.new(3.2468, -5.7408, 0),
    },
    {
        Vector3.new(1.7021, -4.3105, 0),
        Vector3.new(2.0882, -4.6967, 0),
        Vector3.new(2.4744, -5.0829, 0),
        Vector3.new(2.8606, -5.4691, 0),
        Vector3.new(3.2468, -5.8553, 0),
    },
    {
        Vector3.new(1.7021, -4.4250, 0),
        Vector3.new(2.0882, -4.8111, 0),
        Vector3.new(2.4744, -5.1973, 0),
        Vector3.new(2.8606, -5.5835, 0),
        Vector3.new(3.2468, -5.9697, 0),
    },
    {
        Vector3.new(-0.1859, -2.6514, 0),
        Vector3.new(0.2145, -3.0519, 0),
    },
    {
        Vector3.new(1.7021, -4.5394, 0),
        Vector3.new(2.0882, -4.9256, 0),
        Vector3.new(2.4744, -5.3118, 0),
        Vector3.new(2.8606, -5.6979, 0),
        Vector3.new(3.2468, -6.0841, 0),
    },
    {
        Vector3.new(-0.3004, -2.6514, 0),
        Vector3.new(0.0715, -3.0233, 0),
        Vector3.new(0.4434, -3.3951, 0),
    },
    {
        Vector3.new(1.7021, -4.6538, 0),
        Vector3.new(2.0882, -5.0400, 0),
        Vector3.new(2.4744, -5.4262, 0),
        Vector3.new(2.8606, -5.8124, 0),
        Vector3.new(3.2468, -6.1985, 0),
    },
    {
        Vector3.new(-0.4148, -2.6514, 0),
        Vector3.new(0.0429, -3.1091, 0),
        Vector3.new(0.5006, -3.5668, 0),
    },
    {
        Vector3.new(1.7021, -4.7682, 0),
        Vector3.new(2.0882, -5.1544, 0),
        Vector3.new(2.4744, -5.5406, 0),
        Vector3.new(2.8606, -5.9268, 0),
        Vector3.new(3.2468, -6.3130, 0),
    },
    {
        Vector3.new(-0.5292, -2.6514, 0),
        Vector3.new(-0.0143, -3.1663, 0),
        Vector3.new(0.5006, -3.6812, 0),
    },
    {
        Vector3.new(1.7021, -4.8827, 0),
        Vector3.new(2.0882, -5.2688, 0),
        Vector3.new(2.4744, -5.6550, 0),
        Vector3.new(2.8606, -6.0412, 0),
        Vector3.new(3.2468, -6.4274, 0),
    },
    {
        Vector3.new(-0.6436, -2.6514, 0),
        Vector3.new(-0.2622, -3.0328, 0),
        Vector3.new(0.1192, -3.4142, 0),
        Vector3.new(0.5006, -3.7956, 0),
    },
    {
        Vector3.new(1.7021, -4.9971, 0),
        Vector3.new(2.0882, -5.3833, 0),
        Vector3.new(2.4744, -5.7694, 0),
        Vector3.new(2.8606, -6.1556, 0),
        Vector3.new(3.2468, -6.5418, 0),
    },
    {
        Vector3.new(-0.7581, -2.6514, 0),
        Vector3.new(-0.3385, -3.0709, 0),
        Vector3.new(0.0811, -3.4905, 0),
        Vector3.new(0.5006, -3.9101, 0),
    },
    {
        Vector3.new(1.7021, -5.1115, 0),
        Vector3.new(2.0882, -5.4977, 0),
        Vector3.new(2.4744, -5.8839, 0),
        Vector3.new(2.8606, -6.2701, 0),
        Vector3.new(3.2468, -6.6562, 0),
    },
    {
        Vector3.new(-0.8725, -2.6514, 0),
        Vector3.new(-0.4148, -3.1091, 0),
        Vector3.new(0.0429, -3.5668, 0),
        Vector3.new(0.5006, -4.0245, 0),
    },
    {
        Vector3.new(1.7021, -5.2259, 0),
        Vector3.new(2.0596, -5.5835, 0),
        Vector3.new(2.4172, -5.9411, 0),
        Vector3.new(2.7748, -6.2987, 0),
        Vector3.new(3.1324, -6.6562, 0),
    },
    {
        Vector3.new(-0.9869, -2.6514, 0),
        Vector3.new(-0.6150, -3.0233, 0),
        Vector3.new(-0.2432, -3.3951, 0),
        Vector3.new(0.1287, -3.7670, 0),
        Vector3.new(0.5006, -4.1389, 0),
    },
    {
        Vector3.new(1.7021, -5.3404, 0),
        Vector3.new(2.1407, -5.7790, 0),
        Vector3.new(2.5793, -6.2176, 0),
        Vector3.new(3.0179, -6.6562, 0),
    },
    {
        Vector3.new(-1.1013, -2.6514, 0),
        Vector3.new(-0.7008, -3.0519, 0),
        Vector3.new(-0.3004, -3.4524, 0),
        Vector3.new(0.1001, -3.8528, 0),
        Vector3.new(0.5006, -4.2533, 0),
    },
    {
        Vector3.new(1.7021, -5.4548, 0),
        Vector3.new(2.1025, -5.8553, 0),
        Vector3.new(2.5030, -6.2558, 0),
        Vector3.new(2.9035, -6.6562, 0),
    },
    {
        Vector3.new(-1.2158, -2.6514, 0),
        Vector3.new(-0.7867, -3.0805, 0),
        Vector3.new(-0.3576, -3.5096, 0),
        Vector3.new(0.0715, -3.9387, 0),
        Vector3.new(0.5006, -4.3678, 0),
    },
    {
        Vector3.new(1.7021, -5.5692, 0),
        Vector3.new(2.0644, -5.9316, 0),
        Vector3.new(2.4267, -6.2939, 0),
        Vector3.new(2.7891, -6.6562, 0),
    },
    {
        Vector3.new(-1.3302, -2.6514, 0),
        Vector3.new(-0.9640, -3.0175, 0),
        Vector3.new(-0.5979, -3.3837, 0),
        Vector3.new(-0.2317, -3.7499, 0),
        Vector3.new(0.1344, -4.1160, 0),
        Vector3.new(0.5006, -4.4822, 0),
    },
    {
        Vector3.new(1.7021, -5.6836, 0),
        Vector3.new(2.1884, -6.1699, 0),
        Vector3.new(2.6747, -6.6562, 0),
    },
    {
        Vector3.new(-1.4446, -2.6514, 0),
        Vector3.new(-1.0556, -3.0404, 0),
        Vector3.new(-0.6665, -3.4295, 0),
        Vector3.new(-0.2775, -3.8185, 0),
        Vector3.new(0.1116, -4.2076, 0),
        Vector3.new(0.5006, -4.5966, 0),
    },
    {
        Vector3.new(1.7021, -5.7981, 0),
        Vector3.new(2.1312, -6.2271, 0),
        Vector3.new(2.5602, -6.6562, 0),
    },
    {
        Vector3.new(-1.4446, -2.7658, 0),
        Vector3.new(-1.0556, -3.1549, 0),
        Vector3.new(-0.6665, -3.5439, 0),
        Vector3.new(-0.2775, -3.9329, 0),
        Vector3.new(0.1116, -4.3220, 0),
        Vector3.new(0.5006, -4.7110, 0),
    },
    {
        Vector3.new(1.7021, -5.9125, 0),
        Vector3.new(2.0739, -6.2844, 0),
        Vector3.new(2.4458, -6.6562, 0),
    },
    {
        Vector3.new(-1.5590, -2.7658, 0),
        Vector3.new(-1.1471, -3.1777, 0),
        Vector3.new(-0.7352, -3.5897, 0),
        Vector3.new(-0.3232, -4.0016, 0),
        Vector3.new(0.0887, -4.4135, 0),
        Vector3.new(0.5006, -4.8254, 0),
    },
    {
        Vector3.new(1.7021, -6.0269, 0),
        Vector3.new(2.3314, -6.6562, 0),
    },
    {
        Vector3.new(-1.5590, -2.8802, 0),
        Vector3.new(-1.1471, -3.2922, 0),
        Vector3.new(-0.7352, -3.7041, 0),
        Vector3.new(-0.3232, -4.1160, 0),
        Vector3.new(0.0887, -4.5279, 0),
        Vector3.new(0.5006, -4.9399, 0),
    },
    {
        Vector3.new(1.7021, -6.1413, 0),
        Vector3.new(2.2170, -6.6562, 0),
    },
    {
        Vector3.new(-1.6735, -2.8802, 0),
        Vector3.new(-1.3111, -3.2426, 0),
        Vector3.new(-0.9488, -3.6049, 0),
        Vector3.new(-0.5864, -3.9673, 0),
        Vector3.new(-0.2241, -4.3296, 0),
        Vector3.new(0.1383, -4.6920, 0),
        Vector3.new(0.5006, -5.0543, 0),
    },
    {
        Vector3.new(1.7021, -6.2558, 0),
        Vector3.new(2.1025, -6.6562, 0),
    },
    {
        Vector3.new(-1.7307, -2.9374, 0),
        Vector3.new(-1.3588, -3.3093, 0),
        Vector3.new(-0.9869, -3.6812, 0),
        Vector3.new(-0.6150, -4.0531, 0),
        Vector3.new(-0.2432, -4.4250, 0),
        Vector3.new(0.1287, -4.7968, 0),
        Vector3.new(0.5006, -5.1687, 0),
    },
    {
        Vector3.new(-1.8451, -2.9374, 0),
        Vector3.new(-1.4541, -3.3284, 0),
        Vector3.new(-1.0632, -3.7193, 0),
        Vector3.new(-0.6722, -4.1103, 0),
        Vector3.new(-0.2813, -4.5012, 0),
        Vector3.new(0.1097, -4.8922, 0),
        Vector3.new(0.5006, -5.2831, 0),
    },
    {
        Vector3.new(-1.8451, -3.0519, 0),
        Vector3.new(-1.2730, -3.6240, 0),
    },
    {
        Vector3.new(-1.1585, -3.7384, 0),
        Vector3.new(-0.7438, -4.1532, 0),
        Vector3.new(-0.3290, -4.5680, 0),
        Vector3.new(0.0858, -4.9828, 0),
        Vector3.new(0.5006, -5.3976, 0),
    },
    {
        Vector3.new(-1.9595, -3.0519, 0),
        Vector3.new(-1.3874, -3.6240, 0),
    },
    {
        Vector3.new(-1.0441, -3.9673, 0),
        Vector3.new(-0.6579, -4.3534, 0),
        Vector3.new(-0.2718, -4.7396, 0),
        Vector3.new(0.1144, -5.1258, 0),
        Vector3.new(0.5006, -5.5120, 0),
    },
    {
        Vector3.new(-1.9595, -3.1663, 0),
        Vector3.new(-1.5018, -3.6240, 0),
    },
    {
        Vector3.new(-0.9297, -4.1961, 0),
        Vector3.new(-0.5721, -4.5537, 0),
        Vector3.new(-0.2145, -4.9113, 0),
        Vector3.new(0.1430, -5.2688, 0),
        Vector3.new(0.5006, -5.6264, 0),
    },
    {
        Vector3.new(-2.0739, -3.1663, 0),
        Vector3.new(-1.6162, -3.6240, 0),
    },
    {
        Vector3.new(-0.9297, -4.3105, 0),
        Vector3.new(-0.5721, -4.6681, 0),
        Vector3.new(-0.2145, -5.0257, 0),
        Vector3.new(0.1430, -5.3833, 0),
        Vector3.new(0.5006, -5.7408, 0),
    },
    {
        Vector3.new(-2.1884, -3.1663, 0),
        Vector3.new(-1.7307, -3.6240, 0),
    },
    {
        Vector3.new(-0.9297, -4.4250, 0),
        Vector3.new(-0.5721, -4.7825, 0),
        Vector3.new(-0.2145, -5.1401, 0),
        Vector3.new(0.1430, -5.4977, 0),
        Vector3.new(0.5006, -5.8553, 0),
    },
    {
        Vector3.new(-2.3028, -3.1663, 0),
        Vector3.new(-1.8451, -3.6240, 0),
    },
    {
        Vector3.new(-0.9297, -4.5394, 0),
        Vector3.new(-0.5721, -4.8970, 0),
        Vector3.new(-0.2145, -5.2545, 0),
        Vector3.new(0.1430, -5.6121, 0),
        Vector3.new(0.5006, -5.9697, 0),
    },
    {
        Vector3.new(-2.4172, -3.1663, 0),
        Vector3.new(-1.9595, -3.6240, 0),
    },
    {
        Vector3.new(-0.9297, -4.6538, 0),
        Vector3.new(-0.5721, -5.0114, 0),
        Vector3.new(-0.2145, -5.3690, 0),
        Vector3.new(0.1430, -5.7265, 0),
        Vector3.new(0.5006, -6.0841, 0),
    },
    {
        Vector3.new(-3.0465, -2.6514, 0),
        Vector3.new(-2.5602, -3.1377, 0),
        Vector3.new(-2.0739, -3.6240, 0),
    },
    {
        Vector3.new(-0.9297, -4.7682, 0),
        Vector3.new(-0.5721, -5.1258, 0),
        Vector3.new(-0.2145, -5.4834, 0),
        Vector3.new(0.1430, -5.8410, 0),
        Vector3.new(0.5006, -6.1985, 0),
    },
    {
        Vector3.new(-3.1610, -2.6514, 0),
        Vector3.new(-2.7986, -3.0137, 0),
        Vector3.new(-2.4363, -3.3761, 0),
        Vector3.new(-2.0739, -3.7384, 0),
    },
    {
        Vector3.new(-0.9297, -4.8827, 0),
        Vector3.new(-0.5721, -5.2402, 0),
        Vector3.new(-0.2145, -5.5978, 0),
        Vector3.new(0.1430, -5.9554, 0),
        Vector3.new(0.5006, -6.3130, 0),
    },
    {
        Vector3.new(-3.2754, -2.6514, 0),
        Vector3.new(-2.9131, -3.0137, 0),
        Vector3.new(-2.5507, -3.3761, 0),
        Vector3.new(-2.1884, -3.7384, 0),
    },
    {
        Vector3.new(-0.9297, -4.9971, 0),
        Vector3.new(-0.5721, -5.3547, 0),
        Vector3.new(-0.2145, -5.7122, 0),
        Vector3.new(0.1430, -6.0698, 0),
        Vector3.new(0.5006, -6.4274, 0),
    },
    {
        Vector3.new(-3.3898, -2.6514, 0),
        Vector3.new(-3.0275, -3.0137, 0),
        Vector3.new(-2.6651, -3.3761, 0),
        Vector3.new(-2.3028, -3.7384, 0),
    },
    {
        Vector3.new(-0.9297, -5.1115, 0),
        Vector3.new(-0.5721, -5.4691, 0),
        Vector3.new(-0.2145, -5.8267, 0),
        Vector3.new(0.1430, -6.1842, 0),
        Vector3.new(0.5006, -6.5418, 0),
    },
    {
        Vector3.new(-3.5042, -2.6514, 0),
        Vector3.new(-3.1038, -3.0519, 0),
        Vector3.new(-2.7033, -3.4524, 0),
        Vector3.new(-2.3028, -3.8528, 0),
    },
    {
        Vector3.new(-0.9297, -5.2259, 0),
        Vector3.new(-0.5721, -5.5835, 0),
        Vector3.new(-0.2145, -5.9411, 0),
        Vector3.new(0.1430, -6.2987, 0),
        Vector3.new(0.5006, -6.6562, 0),
    },
    {
        Vector3.new(-3.6187, -2.6514, 0),
        Vector3.new(-3.1800, -3.0900, 0),
        Vector3.new(-2.7414, -3.5286, 0),
        Vector3.new(-2.3028, -3.9673, 0),
    },
    {
        Vector3.new(-0.9297, -5.3404, 0),
        Vector3.new(-0.4911, -5.7790, 0),
        Vector3.new(-0.0524, -6.2176, 0),
        Vector3.new(0.3862, -6.6562, 0),
    },
    {
        Vector3.new(-3.7331, -2.6514, 0),
        Vector3.new(-3.3755, -3.0090, 0),
        Vector3.new(-3.0179, -3.3665, 0),
        Vector3.new(-2.6604, -3.7241, 0),
        Vector3.new(-2.3028, -4.0817, 0),
    },
    {
        Vector3.new(-0.9297, -5.4548, 0),
        Vector3.new(-0.5292, -5.8553, 0),
        Vector3.new(-0.1287, -6.2558, 0),
        Vector3.new(0.2718, -6.6562, 0),
    },
    {
        Vector3.new(-3.8475, -2.6514, 0),
        Vector3.new(-3.4613, -3.0376, 0),
        Vector3.new(-3.0752, -3.4238, 0),
        Vector3.new(-2.6890, -3.8099, 0),
        Vector3.new(-2.3028, -4.1961, 0),
    },
    {
        Vector3.new(-0.9297, -5.5692, 0),
        Vector3.new(-0.5674, -5.9316, 0),
        Vector3.new(-0.2050, -6.2939, 0),
        Vector3.new(0.1573, -6.6562, 0),
    },
    {
        Vector3.new(-3.9619, -2.6514, 0),
        Vector3.new(-3.5472, -3.0662, 0),
        Vector3.new(-3.1324, -3.4810, 0),
        Vector3.new(-2.7176, -3.8958, 0),
        Vector3.new(-2.3028, -4.3105, 0),
    },
    {
        Vector3.new(-0.9297, -5.6836, 0),
        Vector3.new(-0.4434, -6.1699, 0),
        Vector3.new(0.0429, -6.6562, 0),
    },
    {
        Vector3.new(-4.0764, -2.6514, 0),
        Vector3.new(-3.6616, -3.0662, 0),
        Vector3.new(-3.2468, -3.4810, 0),
        Vector3.new(-2.8320, -3.8958, 0),
        Vector3.new(-2.4172, -4.3105, 0),
    },
    {
        Vector3.new(-0.9297, -5.7981, 0),
        Vector3.new(-0.5006, -6.2271, 0),
        Vector3.new(-0.0715, -6.6562, 0),
    },
    {
        Vector3.new(-4.1908, -2.6514, 0),
        Vector3.new(-3.7474, -3.0948, 0),
        Vector3.new(-3.3040, -3.5382, 0),
        Vector3.new(-2.8606, -3.9816, 0),
        Vector3.new(-2.4172, -4.4250, 0),
    },
    {
        Vector3.new(-0.9297, -5.9125, 0),
        Vector3.new(-0.5578, -6.2844, 0),
        Vector3.new(-0.1859, -6.6562, 0),
    },
    {
        Vector3.new(-4.2480, -2.7086, 0),
        Vector3.new(-3.8818, -3.0748, 0),
        Vector3.new(-3.5157, -3.4409, 0),
        Vector3.new(-3.1495, -3.8071, 0),
        Vector3.new(-2.7834, -4.1732, 0),
        Vector3.new(-2.4172, -4.5394, 0),
    },
    {
        Vector3.new(-0.9297, -6.0269, 0),
        Vector3.new(-0.3004, -6.6562, 0),
    },
    {
        Vector3.new(-4.3052, -2.7658, 0),
        Vector3.new(-3.9276, -3.1434, 0),
        Vector3.new(-3.5500, -3.5210, 0),
        Vector3.new(-3.1724, -3.8986, 0),
        Vector3.new(-2.7948, -4.2762, 0),
        Vector3.new(-2.4172, -4.6538, 0),
    },
    {
        Vector3.new(-0.9297, -6.1413, 0),
        Vector3.new(-0.4148, -6.6562, 0),
    },
    {
        Vector3.new(-4.3624, -2.8230, 0),
        Vector3.new(-3.9734, -3.2121, 0),
        Vector3.new(-3.5843, -3.6011, 0),
        Vector3.new(-3.1953, -3.9902, 0),
        Vector3.new(-2.8063, -4.3792, 0),
        Vector3.new(-2.4172, -4.7682, 0),
    },
    {
        Vector3.new(-0.9297, -6.2558, 0),
        Vector3.new(-0.5292, -6.6562, 0),
    },
    {
        Vector3.new(-4.4196, -2.8802, 0),
        Vector3.new(-4.0192, -3.2807, 0),
        Vector3.new(-3.6187, -3.6812, 0),
        Vector3.new(-3.2182, -4.0817, 0),
        Vector3.new(-2.8177, -4.4822, 0),
        Vector3.new(-2.4172, -4.8827, 0),
    },
    {
        Vector3.new(-4.5341, -2.8802, 0),
        Vector3.new(-4.1107, -3.3036, 0),
        Vector3.new(-3.6873, -3.7270, 0),
        Vector3.new(-3.2640, -4.1503, 0),
        Vector3.new(-2.8406, -4.5737, 0),
        Vector3.new(-2.4172, -4.9971, 0),
    },
    {
        Vector3.new(-4.5913, -2.9374, 0),
        Vector3.new(-4.2289, -3.2998, 0),
        Vector3.new(-3.8666, -3.6621, 0),
        Vector3.new(-3.5042, -4.0245, 0),
        Vector3.new(-3.1419, -4.3868, 0),
        Vector3.new(-2.7796, -4.7492, 0),
        Vector3.new(-2.4172, -5.1115, 0),
    },
    {
        Vector3.new(-4.5913, -3.0519, 0),
        Vector3.new(-4.2289, -3.4142, 0),
        Vector3.new(-3.8666, -3.7766, 0),
        Vector3.new(-3.5042, -4.1389, 0),
        Vector3.new(-3.1419, -4.5012, 0),
        Vector3.new(-2.7796, -4.8636, 0),
        Vector3.new(-2.4172, -5.2259, 0),
    },
    {
        Vector3.new(-4.6485, -3.1091, 0),
        Vector3.new(-4.1336, -3.6240, 0),
    },
    {
        Vector3.new(-3.8475, -3.9101, 0),
        Vector3.new(-3.4899, -4.2676, 0),
        Vector3.new(-3.1324, -4.6252, 0),
        Vector3.new(-2.7748, -4.9828, 0),
        Vector3.new(-2.4172, -5.3404, 0),
    },
    {
        Vector3.new(-4.7057, -3.1663, 0),
        Vector3.new(-4.2480, -3.6240, 0),
    },
    {
        Vector3.new(-3.8475, -4.0245, 0),
        Vector3.new(-3.4899, -4.3821, 0),
        Vector3.new(-3.1324, -4.7396, 0),
        Vector3.new(-2.7748, -5.0972, 0),
        Vector3.new(-2.4172, -5.4548, 0),
    },
    {
        Vector3.new(-4.8201, -3.1663, 0),
        Vector3.new(-4.3624, -3.6240, 0),
    },
    {
        Vector3.new(-3.8475, -4.1389, 0),
        Vector3.new(-3.4899, -4.4965, 0),
        Vector3.new(-3.1324, -4.8541, 0),
        Vector3.new(-2.7748, -5.2116, 0),
        Vector3.new(-2.4172, -5.5692, 0),
    },
    {
        Vector3.new(-4.9346, -3.1663, 0),
        Vector3.new(-4.4769, -3.6240, 0),
    },
    {
        Vector3.new(-3.8475, -4.2533, 0),
        Vector3.new(-3.4899, -4.6109, 0),
        Vector3.new(-3.1324, -4.9685, 0),
        Vector3.new(-2.7748, -5.3261, 0),
        Vector3.new(-2.4172, -5.6836, 0),
    },
    {
        Vector3.new(-5.0490, -3.1663, 0),
        Vector3.new(-4.5913, -3.6240, 0),
    },
    {
        Vector3.new(-3.7903, -4.4250, 0),
        Vector3.new(-3.3326, -4.8827, 0),
        Vector3.new(-2.8749, -5.3404, 0),
        Vector3.new(-2.4172, -5.7981, 0),
    },
    {
        Vector3.new(-5.6783, -2.6514, 0),
        Vector3.new(-5.1920, -3.1377, 0),
        Vector3.new(-4.7057, -3.6240, 0),
    },
    {
        Vector3.new(-3.7903, -4.5394, 0),
        Vector3.new(-3.3326, -4.9971, 0),
        Vector3.new(-2.8749, -5.4548, 0),
        Vector3.new(-2.4172, -5.9125, 0),
    },
    {
        Vector3.new(-5.7927, -2.6514, 0),
        Vector3.new(-5.3064, -3.1377, 0),
        Vector3.new(-4.8201, -3.6240, 0),
    },
    {
        Vector3.new(-3.7903, -4.6538, 0),
        Vector3.new(-3.3326, -5.1115, 0),
        Vector3.new(-2.8749, -5.5692, 0),
        Vector3.new(-2.4172, -6.0269, 0),
    },
    {
        Vector3.new(-5.9072, -2.6514, 0),
        Vector3.new(-5.4209, -3.1377, 0),
        Vector3.new(-4.9346, -3.6240, 0),
    },
    {
        Vector3.new(-3.7903, -4.7682, 0),
        Vector3.new(-3.3326, -5.2259, 0),
        Vector3.new(-2.8749, -5.6836, 0),
        Vector3.new(-2.4172, -6.1413, 0),
    },
    {
        Vector3.new(-6.0216, -2.6514, 0),
        Vector3.new(-5.5353, -3.1377, 0),
        Vector3.new(-5.0490, -3.6240, 0),
    },
    {
        Vector3.new(-3.7903, -4.8827, 0),
        Vector3.new(-3.3326, -5.3404, 0),
        Vector3.new(-2.8749, -5.7981, 0),
        Vector3.new(-2.4172, -6.2558, 0),
    },
    {
        Vector3.new(-6.1360, -2.6514, 0),
        Vector3.new(-5.7737, -3.0137, 0),
        Vector3.new(-5.4113, -3.3761, 0),
        Vector3.new(-5.0490, -3.7384, 0),
    },
    {
        Vector3.new(-3.7903, -4.9971, 0),
        Vector3.new(-3.3326, -5.4548, 0),
        Vector3.new(-2.8749, -5.9125, 0),
        Vector3.new(-2.4172, -6.3702, 0),
    },
    {
        Vector3.new(-6.2504, -2.6514, 0),
        Vector3.new(-5.8690, -3.0328, 0),
        Vector3.new(-5.4876, -3.4142, 0),
        Vector3.new(-5.1062, -3.7956, 0),
    },
    {
        Vector3.new(-3.7903, -5.1115, 0),
        Vector3.new(-3.3326, -5.5692, 0),
        Vector3.new(-2.8749, -6.0269, 0),
        Vector3.new(-2.4172, -6.4846, 0),
    },
    {
        Vector3.new(-6.3649, -2.6514, 0),
        Vector3.new(-5.9644, -3.0519, 0),
        Vector3.new(-5.5639, -3.4524, 0),
        Vector3.new(-5.1634, -3.8528, 0),
    },
    {
        Vector3.new(-3.7903, -5.2259, 0),
        Vector3.new(-3.3326, -5.6836, 0),
        Vector3.new(-2.8749, -6.1413, 0),
        Vector3.new(-2.4172, -6.5990, 0),
    },
    {
        Vector3.new(-6.4793, -2.6514, 0),
        Vector3.new(-6.0407, -3.0900, 0),
        Vector3.new(-5.6020, -3.5286, 0),
        Vector3.new(-5.1634, -3.9673, 0),
    },
    {
        Vector3.new(-3.7903, -5.3404, 0),
        Vector3.new(-3.3517, -5.7790, 0),
        Vector3.new(-2.9131, -6.2176, 0),
        Vector3.new(-2.4744, -6.6562, 0),
    },
    {
        Vector3.new(-6.5937, -2.6514, 0),
        Vector3.new(-6.1360, -3.1091, 0),
        Vector3.new(-5.6783, -3.5668, 0),
        Vector3.new(-5.2206, -4.0245, 0),
    },
    {
        Vector3.new(-3.7903, -5.4548, 0),
        Vector3.new(-3.3898, -5.8553, 0),
        Vector3.new(-2.9893, -6.2558, 0),
        Vector3.new(-2.5889, -6.6562, 0),
    },
    {
        Vector3.new(-6.7081, -2.6514, 0),
        Vector3.new(-6.3362, -3.0233, 0),
        Vector3.new(-5.9644, -3.3951, 0),
        Vector3.new(-5.5925, -3.7670, 0),
        Vector3.new(-5.2206, -4.1389, 0),
    },
    {
        Vector3.new(-3.7903, -5.5692, 0),
        Vector3.new(-3.4280, -5.9316, 0),
        Vector3.new(-3.0656, -6.2939, 0),
        Vector3.new(-2.7033, -6.6562, 0),
    },
    {
        Vector3.new(-6.8226, -2.6514, 0),
        Vector3.new(-6.4221, -3.0519, 0),
        Vector3.new(-6.0216, -3.4524, 0),
        Vector3.new(-5.6211, -3.8528, 0),
        Vector3.new(-5.2206, -4.2533, 0),
    },
    {
        Vector3.new(-3.7903, -5.6836, 0),
        Vector3.new(-3.3040, -6.1699, 0),
        Vector3.new(-2.8177, -6.6562, 0),
    },
    {
        Vector3.new(-6.8226, -2.7658, 0),
        Vector3.new(-6.4221, -3.1663, 0),
        Vector3.new(-6.0216, -3.5668, 0),
        Vector3.new(-5.6211, -3.9673, 0),
        Vector3.new(-5.2206, -4.3678, 0),
    },
    {
        Vector3.new(-3.7903, -5.7981, 0),
        Vector3.new(-3.3612, -6.2271, 0),
        Vector3.new(-2.9321, -6.6562, 0),
    },
    {
        Vector3.new(-6.8226, -2.8802, 0),
        Vector3.new(-6.4221, -3.2807, 0),
        Vector3.new(-6.0216, -3.6812, 0),
        Vector3.new(-5.6211, -4.0817, 0),
        Vector3.new(-5.2206, -4.4822, 0),
    },
    {
        Vector3.new(-3.7903, -5.9125, 0),
        Vector3.new(-3.4184, -6.2844, 0),
        Vector3.new(-3.0465, -6.6562, 0),
    },
    {
        Vector3.new(-6.8226, -2.9947, 0),
        Vector3.new(-6.4221, -3.3951, 0),
        Vector3.new(-6.0216, -3.7956, 0),
        Vector3.new(-5.6211, -4.1961, 0),
        Vector3.new(-5.2206, -4.5966, 0),
    },
    {
        Vector3.new(-3.7903, -6.0269, 0),
        Vector3.new(-3.1610, -6.6562, 0),
    },
    {
        Vector3.new(-6.8226, -3.1091, 0),
        Vector3.new(-6.4221, -3.5096, 0),
        Vector3.new(-6.0216, -3.9101, 0),
        Vector3.new(-5.6211, -4.3105, 0),
        Vector3.new(-5.2206, -4.7110, 0),
    },
    {
        Vector3.new(-3.7903, -6.1413, 0),
        Vector3.new(-3.2754, -6.6562, 0),
    },
    {
        Vector3.new(-6.8226, -3.2235, 0),
        Vector3.new(-6.4221, -3.6240, 0),
        Vector3.new(-6.0216, -4.0245, 0),
        Vector3.new(-5.6211, -4.4250, 0),
        Vector3.new(-5.2206, -4.8254, 0),
    },
    {
        Vector3.new(-3.7903, -6.2558, 0),
        Vector3.new(-3.3898, -6.6562, 0),
    },
    {
        Vector3.new(-6.8226, -3.3379, 0),
        Vector3.new(-6.4221, -3.7384, 0),
        Vector3.new(-6.0216, -4.1389, 0),
        Vector3.new(-5.6211, -4.5394, 0),
        Vector3.new(-5.2206, -4.9399, 0),
    },
    {
        Vector3.new(-6.8226, -3.4524, 0),
        Vector3.new(-6.4221, -3.8528, 0),
        Vector3.new(-6.0216, -4.2533, 0),
        Vector3.new(-5.6211, -4.6538, 0),
        Vector3.new(-5.2206, -5.0543, 0),
    },
    {
        Vector3.new(-6.8226, -3.5668, 0),
        Vector3.new(-6.4221, -3.9673, 0),
        Vector3.new(-6.0216, -4.3678, 0),
        Vector3.new(-5.6211, -4.7682, 0),
        Vector3.new(-5.2206, -5.1687, 0),
    },
    {
        Vector3.new(-6.8226, -3.6812, 0),
        Vector3.new(-6.4221, -4.0817, 0),
        Vector3.new(-6.0216, -4.4822, 0),
        Vector3.new(-5.6211, -4.8827, 0),
        Vector3.new(-5.2206, -5.2831, 0),
    },
    {
        Vector3.new(-6.8226, -3.7956, 0),
        Vector3.new(-6.4221, -4.1961, 0),
        Vector3.new(-6.0216, -4.5966, 0),
        Vector3.new(-5.6211, -4.9971, 0),
        Vector3.new(-5.2206, -5.3976, 0),
    },
    {
        Vector3.new(-6.8226, -3.9101, 0),
        Vector3.new(-6.4221, -4.3105, 0),
        Vector3.new(-6.0216, -4.7110, 0),
        Vector3.new(-5.6211, -5.1115, 0),
        Vector3.new(-5.2206, -5.5120, 0),
    },
    {
        Vector3.new(-6.8226, -4.0245, 0),
        Vector3.new(-6.4221, -4.4250, 0),
        Vector3.new(-6.0216, -4.8254, 0),
        Vector3.new(-5.6211, -5.2259, 0),
        Vector3.new(-5.2206, -5.6264, 0),
    },
    {
        Vector3.new(-6.8226, -4.1389, 0),
        Vector3.new(-6.4221, -4.5394, 0),
        Vector3.new(-6.0216, -4.9399, 0),
        Vector3.new(-5.6211, -5.3404, 0),
        Vector3.new(-5.2206, -5.7408, 0),
    },
    {
        Vector3.new(-6.8226, -4.2533, 0),
        Vector3.new(-6.4221, -4.6538, 0),
        Vector3.new(-6.0216, -5.0543, 0),
        Vector3.new(-5.6211, -5.4548, 0),
        Vector3.new(-5.2206, -5.8553, 0),
    },
    {
        Vector3.new(-6.8226, -4.3678, 0),
        Vector3.new(-6.4221, -4.7682, 0),
        Vector3.new(-6.0216, -5.1687, 0),
        Vector3.new(-5.6211, -5.5692, 0),
        Vector3.new(-5.2206, -5.9697, 0),
    },
    {
        Vector3.new(-6.8226, -4.4822, 0),
        Vector3.new(-6.4221, -4.8827, 0),
        Vector3.new(-6.0216, -5.2831, 0),
        Vector3.new(-5.6211, -5.6836, 0),
        Vector3.new(-5.2206, -6.0841, 0),
    },
    {
        Vector3.new(-6.8226, -4.5966, 0),
        Vector3.new(-6.4221, -4.9971, 0),
        Vector3.new(-6.0216, -5.3976, 0),
        Vector3.new(-5.6211, -5.7981, 0),
        Vector3.new(-5.2206, -6.1985, 0),
    },
    {
        Vector3.new(-8.7678, -2.7658, 0),
        Vector3.new(-8.0812, -3.4524, 0),
    },
    {
        Vector3.new(-6.8226, -4.7110, 0),
        Vector3.new(-6.4221, -5.1115, 0),
        Vector3.new(-6.0216, -5.5120, 0),
        Vector3.new(-5.6211, -5.9125, 0),
        Vector3.new(-5.2206, -6.3130, 0),
    },
    {
        Vector3.new(-8.9966, -2.6514, 0),
        Vector3.new(-8.4817, -3.1663, 0),
        Vector3.new(-7.9668, -3.6812, 0),
    },
    {
        Vector3.new(-6.8226, -4.8254, 0),
        Vector3.new(-6.4221, -5.2259, 0),
        Vector3.new(-6.0216, -5.6264, 0),
        Vector3.new(-5.6211, -6.0269, 0),
        Vector3.new(-5.2206, -6.4274, 0),
    },
    {
        Vector3.new(-9.1110, -2.6514, 0),
        Vector3.new(-8.6915, -3.0709, 0),
        Vector3.new(-8.2719, -3.4905, 0),
        Vector3.new(-7.8524, -3.9101, 0),
    },
    {
        Vector3.new(-6.8226, -4.9399, 0),
        Vector3.new(-6.4221, -5.3404, 0),
        Vector3.new(-6.0216, -5.7408, 0),
        Vector3.new(-5.6211, -6.1413, 0),
        Vector3.new(-5.2206, -6.5418, 0),
    },
    {
        Vector3.new(-9.2255, -2.6514, 0),
        Vector3.new(-8.8536, -3.0233, 0),
        Vector3.new(-8.4817, -3.3951, 0),
        Vector3.new(-8.1098, -3.7670, 0),
        Vector3.new(-7.7379, -4.1389, 0),
    },
    {
        Vector3.new(-6.8226, -5.0543, 0),
        Vector3.new(-6.4221, -5.4548, 0),
        Vector3.new(-6.0216, -5.8553, 0),
        Vector3.new(-5.6211, -6.2558, 0),
        Vector3.new(-5.2206, -6.6562, 0),
    },
    {
        Vector3.new(-9.3399, -2.6514, 0),
        Vector3.new(-8.9394, -3.0519, 0),
        Vector3.new(-8.5389, -3.4524, 0),
        Vector3.new(-8.1384, -3.8528, 0),
        Vector3.new(-7.7379, -4.2533, 0),
    },
    {
        Vector3.new(-6.8226, -5.1687, 0),
        Vector3.new(-6.4507, -5.5406, 0),
        Vector3.new(-6.0788, -5.9125, 0),
        Vector3.new(-5.7069, -6.2844, 0),
        Vector3.new(-5.3350, -6.6562, 0),
    },
    {
        Vector3.new(-9.4543, -2.6514, 0),
        Vector3.new(-9.0252, -3.0805, 0),
        Vector3.new(-8.5961, -3.5096, 0),
        Vector3.new(-8.1670, -3.9387, 0),
        Vector3.new(-7.7379, -4.3678, 0),
    },
    {
        Vector3.new(-6.8226, -5.2831, 0),
        Vector3.new(-6.3649, -5.7408, 0),
        Vector3.new(-5.9072, -6.1985, 0),
        Vector3.new(-5.4495, -6.6562, 0),
    },
    {
        Vector3.new(-9.5687, -2.6514, 0),
        Vector3.new(-9.2026, -3.0175, 0),
        Vector3.new(-8.8364, -3.3837, 0),
        Vector3.new(-8.4703, -3.7499, 0),
        Vector3.new(-8.1041, -4.1160, 0),
        Vector3.new(-7.7379, -4.4822, 0),
    },
    {
        Vector3.new(-6.8226, -5.3976, 0),
        Vector3.new(-6.4030, -5.8171, 0),
        Vector3.new(-5.9834, -6.2367, 0),
        Vector3.new(-5.5639, -6.6562, 0),
    },
    {
        Vector3.new(-9.6832, -2.6514, 0),
        Vector3.new(-9.2941, -3.0404, 0),
        Vector3.new(-8.9051, -3.4295, 0),
        Vector3.new(-8.5160, -3.8185, 0),
        Vector3.new(-8.1270, -4.2076, 0),
        Vector3.new(-7.7379, -4.5966, 0),
    },
    {
        Vector3.new(-6.8226, -5.5120, 0),
        Vector3.new(-6.4411, -5.8934, 0),
        Vector3.new(-6.0597, -6.2748, 0),
        Vector3.new(-5.6783, -6.6562, 0),
    },
    {
        Vector3.new(-9.7976, -2.6514, 0),
        Vector3.new(-9.3857, -3.0633, 0),
        Vector3.new(-8.9737, -3.4752, 0),
        Vector3.new(-8.5618, -3.8872, 0),
        Vector3.new(-8.1499, -4.2991, 0),
        Vector3.new(-7.7379, -4.7110, 0),
    },
    {
        Vector3.new(-6.8226, -5.6264, 0),
        Vector3.new(-6.3076, -6.1413, 0),
        Vector3.new(-5.7927, -6.6562, 0),
    },
    {
        Vector3.new(-9.9120, -2.6514, 0),
        Vector3.new(-9.5497, -3.0137, 0),
        Vector3.new(-9.1873, -3.3761, 0),
        Vector3.new(-8.8250, -3.7384, 0),
        Vector3.new(-8.4626, -4.1008, 0),
        Vector3.new(-8.1003, -4.4631, 0),
        Vector3.new(-7.7379, -4.8254, 0),
    },
    {
        Vector3.new(-6.8226, -5.7408, 0),
        Vector3.new(-6.3649, -6.1985, 0),
        Vector3.new(-5.9072, -6.6562, 0),
    },
    {
        Vector3.new(-10.0264, -2.6514, 0),
        Vector3.new(-9.6450, -3.0328, 0),
        Vector3.new(-9.2636, -3.4142, 0),
        Vector3.new(-8.8822, -3.7956, 0),
        Vector3.new(-8.5008, -4.1770, 0),
        Vector3.new(-8.1194, -4.5585, 0),
        Vector3.new(-7.7379, -4.9399, 0),
    },
    {
        Vector3.new(-6.8226, -5.8553, 0),
        Vector3.new(-6.4221, -6.2558, 0),
        Vector3.new(-6.0216, -6.6562, 0),
    },
    {
        Vector3.new(-10.1409, -2.6514, 0),
        Vector3.new(-9.7594, -3.0328, 0),
        Vector3.new(-9.3780, -3.4142, 0),
        Vector3.new(-8.9966, -3.7956, 0),
        Vector3.new(-8.6152, -4.1770, 0),
        Vector3.new(-8.2338, -4.5585, 0),
        Vector3.new(-7.8524, -4.9399, 0),
    },
    {
        Vector3.new(-6.8226, -5.9697, 0),
        Vector3.new(-6.1360, -6.6562, 0),
    },
    {
        Vector3.new(-10.2553, -2.6514, 0),
        Vector3.new(-9.8834, -3.0233, 0),
        Vector3.new(-9.5115, -3.3951, 0),
    },
    {
        Vector3.new(-9.1110, -3.7956, 0),
        Vector3.new(-8.7296, -4.1770, 0),
        Vector3.new(-8.3482, -4.5585, 0),
        Vector3.new(-7.9668, -4.9399, 0),
    },
    {
        Vector3.new(-6.8226, -6.0841, 0),
        Vector3.new(-6.2504, -6.6562, 0),
    },
    {
        Vector3.new(-10.3697, -2.6514, 0),
        Vector3.new(-9.9978, -3.0233, 0),
        Vector3.new(-9.6259, -3.3951, 0),
    },
    {
        Vector3.new(-9.1110, -3.9101, 0),
        Vector3.new(-8.5961, -4.4250, 0),
        Vector3.new(-8.0812, -4.9399, 0),
    },
    {
        Vector3.new(-6.8226, -6.1985, 0),
        Vector3.new(-6.3649, -6.6562, 0),
    },
    {
        Vector3.new(-10.4841, -2.6514, 0),
        Vector3.new(-10.1123, -3.0233, 0),
        Vector3.new(-9.7404, -3.3951, 0),
    },
    {
        Vector3.new(-9.1110, -4.0245, 0),
        Vector3.new(-8.6533, -4.4822, 0),
        Vector3.new(-8.1956, -4.9399, 0),
    },
    {
        Vector3.new(-10.5986, -2.6514, 0),
        Vector3.new(-10.2267, -3.0233, 0),
        Vector3.new(-9.8548, -3.3951, 0),
    },
    {
        Vector3.new(-9.1110, -4.1389, 0),
        Vector3.new(-8.7106, -4.5394, 0),
        Vector3.new(-8.3101, -4.9399, 0),
    },
    {
        Vector3.new(-10.6558, -2.7086, 0),
        Vector3.new(-9.9692, -3.3951, 0),
    },
    {
        Vector3.new(-9.1110, -4.2533, 0),
        Vector3.new(-8.4245, -4.9399, 0),
    },
    {
        Vector3.new(-10.7130, -2.7658, 0),
        Vector3.new(-10.0836, -3.3951, 0),
    },
    {
        Vector3.new(-9.1110, -4.3678, 0),
        Vector3.new(-8.5389, -4.9399, 0),
    },
    {
        Vector3.new(-10.7702, -2.8230, 0),
        Vector3.new(-10.1981, -3.3951, 0),
    },
    {
        Vector3.new(-9.2255, -4.3678, 0),
        Vector3.new(-8.6533, -4.9399, 0),
    },
    {
        Vector3.new(-10.8274, -2.8802, 0),
        Vector3.new(-10.1981, -3.5096, 0),
    },
    {
        Vector3.new(-9.2255, -4.4822, 0),
        Vector3.new(-8.7678, -4.9399, 0),
    },
    {
        Vector3.new(-10.9418, -2.8802, 0),
        Vector3.new(-10.3125, -3.5096, 0),
    },
    {
        Vector3.new(-9.3399, -4.4822, 0),
        Vector3.new(-8.8822, -4.9399, 0),
    },
    {
        Vector3.new(-10.9990, -2.9374, 0),
        Vector3.new(-10.3125, -3.6240, 0),
    },
    {
        Vector3.new(-9.4543, -4.4822, 0),
        Vector3.new(-8.9966, -4.9399, 0),
    },
    {
        Vector3.new(-11.0563, -2.9947, 0),
        Vector3.new(-10.3697, -3.6812, 0),
    },
    {
        Vector3.new(-9.5687, -4.4822, 0),
        Vector3.new(-9.1110, -4.9399, 0),
    },
    {
        Vector3.new(-11.1135, -3.0519, 0),
        Vector3.new(-10.4269, -3.7384, 0),
    },
    {
        Vector3.new(-9.6832, -4.4822, 0),
        Vector3.new(-9.2255, -4.9399, 0),
    },
    {
        Vector3.new(-11.2279, -3.0519, 0),
        Vector3.new(-10.8560, -3.4238, 0),
        Vector3.new(-10.4841, -3.7956, 0),
    },
    {
        Vector3.new(-9.7976, -4.4822, 0),
        Vector3.new(-9.3399, -4.9399, 0),
    },
    {
        Vector3.new(-21.9266, 7.5324, 0),
        Vector3.new(-21.4117, 7.0175, 0),
    },
    {
        Vector3.new(-11.2279, -3.1663, 0),
        Vector3.new(-10.8560, -3.5382, 0),
        Vector3.new(-10.4841, -3.9101, 0),
    },
    {
        Vector3.new(-9.9120, -4.4822, 0),
        Vector3.new(-9.4543, -4.9399, 0),
    },
    {
        Vector3.new(-22.0410, 7.5324, 0),
        Vector3.new(-21.6596, 7.1510, 0),
        Vector3.new(-21.2782, 6.7696, 0),
        Vector3.new(-20.8967, 6.3881, 0),
    },
    {
        Vector3.new(-11.3423, -3.1663, 0),
        Vector3.new(-10.9132, -3.5954, 0),
        Vector3.new(-10.4841, -4.0245, 0),
    },
    {
        Vector3.new(-10.0264, -4.4822, 0),
        Vector3.new(-9.5687, -4.9399, 0),
    },
    {
        Vector3.new(-22.3843, 7.7612, 0),
        Vector3.new(-21.9981, 7.3750, 0),
        Vector3.new(-21.6119, 6.9889, 0),
        Vector3.new(-21.2257, 6.6027, 0),
        Vector3.new(-20.8395, 6.2165, 0),
    },
    {
        Vector3.new(-11.3423, -3.2807, 0),
        Vector3.new(-10.9132, -3.7098, 0),
        Vector3.new(-10.4841, -4.1389, 0),
    },
    {
        Vector3.new(-10.1409, -4.4822, 0),
        Vector3.new(-9.6832, -4.9399, 0),
    },
    {
        Vector3.new(-8.7106, -5.9125, 0),
        Vector3.new(-8.2529, -6.3702, 0),
    },
    {
        Vector3.new(-22.6131, 7.8757, 0),
        Vector3.new(-22.2355, 7.4981, 0),
        Vector3.new(-21.8579, 7.1205, 0),
        Vector3.new(-21.4803, 6.7429, 0),
        Vector3.new(-21.1027, 6.3653, 0),
        Vector3.new(-20.7251, 5.9877, 0),
    },
    {
        Vector3.new(-11.4567, -3.2807, 0),
        Vector3.new(-10.9704, -3.7670, 0),
        Vector3.new(-10.4841, -4.2533, 0),
    },
    {
        Vector3.new(-10.2553, -4.4822, 0),
        Vector3.new(-9.7976, -4.9399, 0),
    },
    {
        Vector3.new(-8.8250, -5.9125, 0),
        Vector3.new(-8.3101, -6.4274, 0),
    },
    {
        Vector3.new(-22.7275, 7.8757, 0),
        Vector3.new(-22.3042, 7.4523, 0),
        Vector3.new(-21.8808, 7.0289, 0),
        Vector3.new(-21.4574, 6.6055, 0),
        Vector3.new(-21.0341, 6.1822, 0),
        Vector3.new(-20.6107, 5.7588, 0),
    },
    {
        Vector3.new(-11.5140, -3.3379, 0),
        Vector3.new(-11.1135, -3.7384, 0),
        Vector3.new(-10.7130, -4.1389, 0),
        Vector3.new(-10.3125, -4.5394, 0),
        Vector3.new(-9.9120, -4.9399, 0),
    },
    {
        Vector3.new(-8.9394, -5.9125, 0),
        Vector3.new(-8.3673, -6.4846, 0),
    },
    {
        Vector3.new(-22.8420, 7.8757, 0),
        Vector3.new(-22.4823, 7.5160, 0),
        Vector3.new(-22.1227, 7.1564, 0),
        Vector3.new(-21.7631, 6.7968, 0),
        Vector3.new(-21.4035, 6.4372, 0),
        Vector3.new(-21.0439, 6.0776, 0),
        Vector3.new(-20.6842, 5.7179, 0),
        Vector3.new(-20.3246, 5.3583, 0),
    },
    {
        Vector3.new(-11.5712, -3.3951, 0),
        Vector3.new(-11.1850, -3.7813, 0),
        Vector3.new(-10.7988, -4.1675, 0),
        Vector3.new(-10.4126, -4.5537, 0),
        Vector3.new(-10.0264, -4.9399, 0),
    },
    {
        Vector3.new(-8.9966, -5.9697, 0),
        Vector3.new(-8.4245, -6.5418, 0),
    },
    {
        Vector3.new(-22.9564, 7.8757, 0),
        Vector3.new(-22.5845, 7.5038, 0),
        Vector3.new(-22.2126, 7.1319, 0),
    },
    {
        Vector3.new(-21.7549, 6.6742, 0),
        Vector3.new(-21.3974, 6.3166, 0),
        Vector3.new(-21.0398, 5.9590, 0),
        Vector3.new(-20.6822, 5.6015, 0),
        Vector3.new(-20.3246, 5.2439, 0),
    },
    {
        Vector3.new(-11.5712, -3.5096, 0),
        Vector3.new(-11.2136, -3.8671, 0),
        Vector3.new(-10.8560, -4.2247, 0),
        Vector3.new(-10.4984, -4.5823, 0),
        Vector3.new(-10.1409, -4.9399, 0),
    },
    {
        Vector3.new(-9.1110, -5.9697, 0),
        Vector3.new(-8.5389, -6.5418, 0),
    },
    {
        Vector3.new(-23.0708, 7.8757, 0),
        Vector3.new(-22.3843, 7.1891, 0),
    },
    {
        Vector3.new(-21.2400, 6.0449, 0),
        Vector3.new(-20.7823, 5.5872, 0),
        Vector3.new(-20.3246, 5.1295, 0),
    },
    {
        Vector3.new(-11.6284, -3.5668, 0),
        Vector3.new(-11.1707, -4.0245, 0),
        Vector3.new(-10.7130, -4.4822, 0),
        Vector3.new(-10.2553, -4.9399, 0),
    },
    {
        Vector3.new(-9.2255, -5.9697, 0),
        Vector3.new(-8.6533, -6.5418, 0),
    },
    {
        Vector3.new(-23.1852, 7.8757, 0),
        Vector3.new(-22.4987, 7.1891, 0),
    },
    {
        Vector3.new(-21.2400, 5.9304, 0),
        Vector3.new(-20.8586, 5.5490, 0),
        Vector3.new(-20.4772, 5.1676, 0),
        Vector3.new(-20.0958, 4.7862, 0),
    },
    {
        Vector3.new(-11.6284, -3.6812, 0),
        Vector3.new(-11.2088, -4.1008, 0),
        Vector3.new(-10.7893, -4.5203, 0),
        Vector3.new(-10.3697, -4.9399, 0),
    },
    {
        Vector3.new(-9.3399, -5.9697, 0),
        Vector3.new(-8.6533, -6.6562, 0),
    },
    {
        Vector3.new(-23.1852, 7.7612, 0),
        Vector3.new(-22.7275, 7.3035, 0),
    },
    {
        Vector3.new(-21.0684, 5.6444, 0),
        Vector3.new(-20.7060, 5.2820, 0),
        Vector3.new(-20.3437, 4.9197, 0),
        Vector3.new(-19.9814, 4.5573, 0),
    },
    {
        Vector3.new(-11.7428, -3.6812, 0),
        Vector3.new(-11.2851, -4.1389, 0),
        Vector3.new(-10.8274, -4.5966, 0),
        Vector3.new(-10.3697, -5.0543, 0),
    },
    {
        Vector3.new(-9.5115, -5.9125, 0),
        Vector3.new(-9.1396, -6.2844, 0),
        Vector3.new(-8.7678, -6.6562, 0),
    },
    {
        Vector3.new(-23.2997, 7.7612, 0),
        Vector3.new(-22.8420, 7.3035, 0),
    },
    {
        Vector3.new(-21.0684, 5.5300, 0),
        Vector3.new(-20.6870, 5.1485, 0),
        Vector3.new(-20.3056, 4.7671, 0),
        Vector3.new(-19.9241, 4.3857, 0),
    },
    {
        Vector3.new(-11.7428, -3.7956, 0),
        Vector3.new(-11.3232, -4.2152, 0),
        Vector3.new(-10.9037, -4.6347, 0),
        Vector3.new(-10.4841, -5.0543, 0),
    },
    {
        Vector3.new(-9.6259, -5.9125, 0),
        Vector3.new(-9.2541, -6.2844, 0),
        Vector3.new(-8.8822, -6.6562, 0),
    },
    {
        Vector3.new(-23.4141, 7.7612, 0),
        Vector3.new(-22.9564, 7.3035, 0),
    },
    {
        Vector3.new(-20.8395, 5.1867, 0),
        Vector3.new(-20.3818, 4.7290, 0),
        Vector3.new(-19.9241, 4.2713, 0),
    },
    {
        Vector3.new(-11.7428, -3.9101, 0),
        Vector3.new(-11.3232, -4.3296, 0),
        Vector3.new(-10.9037, -4.7492, 0),
        Vector3.new(-10.4841, -5.1687, 0),
    },
    {
        Vector3.new(-9.7404, -5.9125, 0),
        Vector3.new(-9.3685, -6.2844, 0),
        Vector3.new(-8.9966, -6.6562, 0),
    },
    {
        Vector3.new(-23.4713, 7.7040, 0),
        Vector3.new(-23.0136, 7.2463, 0),
    },
    {
        Vector3.new(-20.8395, 5.0723, 0),
        Vector3.new(-20.3818, 4.6146, 0),
        Vector3.new(-19.9241, 4.1569, 0),
    },
    {
        Vector3.new(-11.7428, -4.0245, 0),
        Vector3.new(-11.3232, -4.4440, 0),
        Vector3.new(-10.9037, -4.8636, 0),
        Vector3.new(-10.4841, -5.2831, 0),
    },
    {
        Vector3.new(-9.8548, -5.9125, 0),
        Vector3.new(-9.4829, -6.2844, 0),
        Vector3.new(-9.1110, -6.6562, 0),
    },
    {
        Vector3.new(-23.5285, 7.6468, 0),
        Vector3.new(-23.0708, 7.1891, 0),
    },
    {
        Vector3.new(-20.4391, 4.5573, 0),
        Vector3.new(-19.8097, 3.9280, 0),
    },
    {
        Vector3.new(-11.8000, -4.0817, 0),
        Vector3.new(-11.3614, -4.5203, 0),
        Vector3.new(-10.9228, -4.9589, 0),
        Vector3.new(-10.4841, -5.3976, 0),
    },
    {
        Vector3.new(-10.0836, -5.7981, 0),
        Vector3.new(-9.6546, -6.2271, 0),
        Vector3.new(-9.2255, -6.6562, 0),
    },
    {
        Vector3.new(-23.5857, 7.5896, 0),
        Vector3.new(-23.1852, 7.1891, 0),
    },
    {
        Vector3.new(-20.4391, 4.4429, 0),
        Vector3.new(-19.8097, 3.8136, 0),
    },
    {
        Vector3.new(-11.8572, -4.1389, 0),
        Vector3.new(-11.4976, -4.4985, 0),
        Vector3.new(-11.1380, -4.8581, 0),
        Vector3.new(-10.7784, -5.2178, 0),
        Vector3.new(-10.4187, -5.5774, 0),
        Vector3.new(-10.0591, -5.9370, 0),
        Vector3.new(-9.6995, -6.2966, 0),
        Vector3.new(-9.3399, -6.6562, 0),
    },
    {
        Vector3.new(-20.3246, 4.2141, 0),
        Vector3.new(-19.6953, 3.5847, 0),
    },
    {
        Vector3.new(-11.8572, -4.2533, 0),
        Vector3.new(-11.4567, -4.6538, 0),
        Vector3.new(-11.0563, -5.0543, 0),
        Vector3.new(-10.6558, -5.4548, 0),
        Vector3.new(-10.2553, -5.8553, 0),
        Vector3.new(-9.8548, -6.2558, 0),
        Vector3.new(-9.4543, -6.6562, 0),
    },
    {
        Vector3.new(-20.1530, 3.9280, 0),
        Vector3.new(-19.5237, 3.2987, 0),
    },
    {
        Vector3.new(-11.8572, -4.3678, 0),
        Vector3.new(-11.4758, -4.7492, 0),
        Vector3.new(-11.0944, -5.1306, 0),
        Vector3.new(-10.7130, -5.5120, 0),
        Vector3.new(-10.3316, -5.8934, 0),
        Vector3.new(-9.9502, -6.2748, 0),
        Vector3.new(-9.5687, -6.6562, 0),
    },
    {
        Vector3.new(-20.0386, 3.6992, 0),
        Vector3.new(-19.5237, 3.1843, 0),
    },
    {
        Vector3.new(-11.8572, -4.4822, 0),
        Vector3.new(-11.4949, -4.8445, 0),
        Vector3.new(-11.1325, -5.2069, 0),
        Vector3.new(-10.7702, -5.5692, 0),
        Vector3.new(-10.4078, -5.9316, 0),
        Vector3.new(-10.0455, -6.2939, 0),
        Vector3.new(-9.6832, -6.6562, 0),
    },
    {
        Vector3.new(-19.9241, 3.4703, 0),
        Vector3.new(-19.5237, 3.0698, 0),
    },
    {
        Vector3.new(-11.8572, -4.5966, 0),
        Vector3.new(-11.4453, -5.0085, 0),
        Vector3.new(-11.0334, -5.4205, 0),
        Vector3.new(-10.6214, -5.8324, 0),
        Vector3.new(-10.2095, -6.2443, 0),
        Vector3.new(-9.7976, -6.6562, 0),
    },
    {
        Vector3.new(-19.9241, 3.3559, 0),
        Vector3.new(-19.2948, 2.7266, 0),
    },
    {
        Vector3.new(-11.8572, -4.7110, 0),
        Vector3.new(-11.4682, -5.1001, 0),
        Vector3.new(-11.0791, -5.4891, 0),
        Vector3.new(-10.6901, -5.8782, 0),
        Vector3.new(-10.3011, -6.2672, 0),
        Vector3.new(-9.9120, -6.6562, 0),
    },
    {
        Vector3.new(-19.9241, 3.2415, 0),
        Vector3.new(-19.5523, 2.8696, 0),
        Vector3.new(-19.1804, 2.4977, 0),
    },
    {
        Vector3.new(-11.8572, -4.8254, 0),
        Vector3.new(-11.4911, -5.1916, 0),
        Vector3.new(-11.1249, -5.5578, 0),
        Vector3.new(-10.7588, -5.9239, 0),
        Vector3.new(-10.3926, -6.2901, 0),
        Vector3.new(-10.0264, -6.6562, 0),
    },
    {
        Vector3.new(-19.8669, 3.0698, 0),
        Vector3.new(-19.4378, 2.6407, 0),
        Vector3.new(-19.0087, 2.2116, 0),
    },
    {
        Vector3.new(-11.8572, -4.9399, 0),
        Vector3.new(-11.4281, -5.3690, 0),
        Vector3.new(-10.9990, -5.7981, 0),
        Vector3.new(-10.5700, -6.2271, 0),
        Vector3.new(-10.1409, -6.6562, 0),
    },
    {
        Vector3.new(-19.8669, 2.9554, 0),
        Vector3.new(-19.4378, 2.5263, 0),
        Vector3.new(-19.0087, 2.0972, 0),
    },
    {
        Vector3.new(-11.8572, -5.0543, 0),
        Vector3.new(-11.4567, -5.4548, 0),
        Vector3.new(-11.0563, -5.8553, 0),
        Vector3.new(-10.6558, -6.2558, 0),
        Vector3.new(-10.2553, -6.6562, 0),
    },
    {
        Vector3.new(-19.8669, 2.8410, 0),
        Vector3.new(-19.3806, 2.3547, 0),
        Vector3.new(-18.8943, 1.8684, 0),
    },
    {
        Vector3.new(-11.8572, -5.1687, 0),
        Vector3.new(-11.4853, -5.5406, 0),
        Vector3.new(-11.1135, -5.9125, 0),
        Vector3.new(-10.7416, -6.2844, 0),
        Vector3.new(-10.3697, -6.6562, 0),
    },
    {
        Vector3.new(-19.8669, 2.7266, 0),
        Vector3.new(-19.4664, 2.3261, 0),
        Vector3.new(-19.0660, 1.9256, 0),
        Vector3.new(-18.6655, 1.5251, 0),
    },
    {
        Vector3.new(-11.8572, -5.2831, 0),
        Vector3.new(-11.4377, -5.7027, 0),
        Vector3.new(-11.0181, -6.1223, 0),
        Vector3.new(-10.5986, -6.5418, 0),
    },
    {
        Vector3.new(-19.8669, 2.6121, 0),
        Vector3.new(-19.4664, 2.2116, 0),
        Vector3.new(-19.0660, 1.8112, 0),
        Vector3.new(-18.6655, 1.4107, 0),
    },
    {
        Vector3.new(-11.7428, -5.5120, 0),
        Vector3.new(-11.2851, -5.9697, 0),
        Vector3.new(-10.8274, -6.4274, 0),
    },
    {
        Vector3.new(-19.6381, 2.2689, 0),
        Vector3.new(-19.1232, 1.7540, 0),
        Vector3.new(-18.6083, 1.2390, 0),
    },
    {
        Vector3.new(-11.7428, -5.6264, 0),
        Vector3.new(-11.3423, -6.0269, 0),
    },
    {
        Vector3.new(-19.6381, 2.1544, 0),
        Vector3.new(-19.2567, 1.7730, 0),
        Vector3.new(-18.8753, 1.3916, 0),
        Vector3.new(-18.4938, 1.0102, 0),
    },
    {
        Vector3.new(-19.5237, 1.9256, 0),
        Vector3.new(-19.0087, 1.4107, 0),
        Vector3.new(-18.4938, 0.8958, 0),
    },
    {
        Vector3.new(-19.4664, 1.7540, 0),
        Vector3.new(-19.1041, 1.3916, 0),
        Vector3.new(-18.7418, 1.0293, 0),
        Vector3.new(-18.3794, 0.6669, 0),
    },
    {
        Vector3.new(-19.3520, 1.5251, 0),
        Vector3.new(-18.8657, 1.0388, 0),
        Vector3.new(-18.3794, 0.5525, 0),
    },
    {
        Vector3.new(-18.9515, 1.0102, 0),
        Vector3.new(-18.3794, 0.4381, 0),
    },
    {
        Vector3.new(-18.8371, 0.7813, 0),
        Vector3.new(-18.3794, 0.3236, 0),
    },
    {
        Vector3.new(-18.8371, 0.6669, 0),
        Vector3.new(-18.3794, 0.2092, 0),
    },
    {
        Vector3.new(-18.7227, 0.4381, 0),
        Vector3.new(-18.2650, -0.0196, 0),
    },
    {
        Vector3.new(-18.6083, 0.0948, 0),
        Vector3.new(-18.2078, -0.3057, 0),
    },
    {
        Vector3.new(-18.6083, -0.0196, 0),
        Vector3.new(-18.2078, -0.4201, 0),
    },
    {
        Vector3.new(-18.6083, -0.1340, 0),
        Vector3.new(-18.2078, -0.5345, 0),
    },
    {
        Vector3.new(-18.6083, -0.2485, 0),
        Vector3.new(-18.2078, -0.6490, 0),
    },
    {
        Vector3.new(-25.1304, 6.0449, 0),
        Vector3.new(-24.7300, 5.6444, 0),
    },
    {
        Vector3.new(-25.4165, 5.5300, 0),
        Vector3.new(-24.9588, 5.0723, 0),
    },
    {
        Vector3.new(-25.5309, 5.4155, 0),
        Vector3.new(-25.0732, 4.9578, 0),
    },
    {
        Vector3.new(-25.5881, 5.3583, 0),
        Vector3.new(-25.1877, 4.9578, 0),
    },
    {
        Vector3.new(-28.3915, 5.4155, 0),
        Vector3.new(-27.8766, 4.9006, 0),
    },
    {
        Vector3.new(-30.1651, 7.0747, 0),
        Vector3.new(-29.8028, 6.7123, 0),
        Vector3.new(-29.4404, 6.3500, 0),
        Vector3.new(-29.0781, 5.9877, 0),
        Vector3.new(-28.7157, 5.6253, 0),
        Vector3.new(-28.3534, 5.2630, 0),
        Vector3.new(-27.9911, 4.9006, 0),
    },
    {
        Vector3.new(-30.5656, 7.3607, 0),
        Vector3.new(-30.1556, 6.9507, 0),
        Vector3.new(-29.7456, 6.5407, 0),
        Vector3.new(-29.3355, 6.1307, 0),
        Vector3.new(-28.9255, 5.7207, 0),
        Vector3.new(-28.5155, 5.3106, 0),
        Vector3.new(-28.1055, 4.9006, 0),
    },
    {
        Vector3.new(-30.7945, 7.4752, 0),
        Vector3.new(-30.4267, 7.1074, 0),
        Vector3.new(-30.0589, 6.7396, 0),
        Vector3.new(-29.6911, 6.3718, 0),
        Vector3.new(-29.3233, 6.0040, 0),
        Vector3.new(-28.9555, 5.6362, 0),
        Vector3.new(-28.5877, 5.2684, 0),
        Vector3.new(-28.2199, 4.9006, 0),
    },
    {
        Vector3.new(-20.6679, -2.6514, 0),
        Vector3.new(-20.2102, -3.1091, 0),
    },
    {
        Vector3.new(-30.9661, 7.5324, 0),
        Vector3.new(-30.5901, 7.1564, 0),
        Vector3.new(-30.2142, 6.7805, 0),
        Vector3.new(-29.8382, 6.4045, 0),
        Vector3.new(-29.4622, 6.0285, 0),
        Vector3.new(-29.0863, 5.6526, 0),
        Vector3.new(-28.7103, 5.2766, 0),
        Vector3.new(-28.3343, 4.9006, 0),
    },
    {
        Vector3.new(-20.7823, -2.6514, 0),
        Vector3.new(-20.3246, -3.1091, 0),
    },
    {
        Vector3.new(-31.0805, 7.5324, 0),
        Vector3.new(-30.7046, 7.1564, 0),
        Vector3.new(-30.3286, 6.7805, 0),
        Vector3.new(-29.9526, 6.4045, 0),
        Vector3.new(-29.5767, 6.0285, 0),
        Vector3.new(-29.2007, 5.6526, 0),
        Vector3.new(-28.8247, 5.2766, 0),
        Vector3.new(-28.4488, 4.9006, 0),
    },
    {
        Vector3.new(-20.7823, -2.7658, 0),
        Vector3.new(-20.3818, -3.1663, 0),
    },
    {
        Vector3.new(-31.1949, 7.5324, 0),
        Vector3.new(-30.7658, 7.1033, 0),
        Vector3.new(-30.3368, 6.6742, 0),
        Vector3.new(-29.9077, 6.2451, 0),
        Vector3.new(-29.4786, 5.8160, 0),
    },
    {
        Vector3.new(-29.2497, 5.5872, 0),
        Vector3.new(-28.5632, 4.9006, 0),
    },
    {
        Vector3.new(-20.8967, -2.7658, 0),
        Vector3.new(-20.4391, -3.2235, 0),
    },
    {
        Vector3.new(-31.3094, 7.5324, 0),
        Vector3.new(-30.9089, 7.1319, 0),
        Vector3.new(-30.5084, 6.7314, 0),
    },
    {
        Vector3.new(-20.9540, -2.8230, 0),
        Vector3.new(-20.5535, -3.2235, 0),
    },
    {
        Vector3.new(-31.4238, 7.5324, 0),
        Vector3.new(-30.7945, 6.9030, 0),
    },
    {
        Vector3.new(-21.0112, -2.8802, 0),
        Vector3.new(-20.6107, -3.2807, 0),
    },
    {
        Vector3.new(-31.5382, 7.5324, 0),
        Vector3.new(-31.0233, 7.0175, 0),
    },
    {
        Vector3.new(-21.1256, -2.8802, 0),
        Vector3.new(-20.7251, -3.2807, 0),
    },
    {
        Vector3.new(-31.6526, 7.5324, 0),
        Vector3.new(-31.2522, 7.1319, 0),
    },
    {
        Vector3.new(-31.7671, 7.5324, 0),
        Vector3.new(-31.3666, 7.1319, 0),
    },
    {
        Vector3.new(-21.2972, -2.9374, 0),
        Vector3.new(-20.8395, -3.3951, 0),
    },
    {
        Vector3.new(-14.6034, -9.6313, 0),
        Vector3.new(-14.1457, -10.0890, 0),
    },
    {
        Vector3.new(-31.8815, 7.5324, 0),
        Vector3.new(-31.4810, 7.1319, 0),
    },
    {
        Vector3.new(-21.3544, -2.9947, 0),
        Vector3.new(-20.9540, -3.3951, 0),
    },
    {
        Vector3.new(-14.7178, -9.6313, 0),
        Vector3.new(-14.1457, -10.2034, 0),
    },
    {
        Vector3.new(-31.9959, 7.5324, 0),
        Vector3.new(-31.5954, 7.1319, 0),
    },
    {
        Vector3.new(-14.8323, -9.6313, 0),
        Vector3.new(-14.3746, -10.0890, 0),
    },
    {
        Vector3.new(-14.9467, -9.6313, 0),
        Vector3.new(-14.4890, -10.0890, 0),
    },
    {
        Vector3.new(-25.4737, -0.0196, 0),
        Vector3.new(-25.0732, -0.4201, 0),
    },
    {
        Vector3.new(-25.5309, -0.0768, 0),
        Vector3.new(-25.1304, -0.4773, 0),
    },
    {
        Vector3.new(-25.7026, -0.2485, 0),
        Vector3.new(-25.2449, -0.7062, 0),
    },
    {
        Vector3.new(-14.8895, -11.0616, 0),
        Vector3.new(-14.4318, -11.5193, 0),
    },
    {
        Vector3.new(-32.7969, 6.7314, 0),
        Vector3.new(-32.3392, 6.2737, 0),
    },
    {
        Vector3.new(-25.7598, -0.3057, 0),
        Vector3.new(-25.3593, -0.7062, 0),
    },
    {
        Vector3.new(-15.0039, -11.0616, 0),
        Vector3.new(-14.5462, -11.5193, 0),
    },
    {
        Vector3.new(-32.7969, 6.6170, 0),
        Vector3.new(-32.3964, 6.2165, 0),
    },
    {
        Vector3.new(-25.8742, -0.3057, 0),
        Vector3.new(-25.4737, -0.7062, 0),
    },
    {
        Vector3.new(-15.1183, -11.0616, 0),
        Vector3.new(-14.6606, -11.5193, 0),
    },
    {
        Vector3.new(-25.9886, -0.3057, 0),
        Vector3.new(-25.5881, -0.7062, 0),
    },
    {
        Vector3.new(-26.1031, -0.3057, 0),
        Vector3.new(-25.7026, -0.7062, 0),
    },
    {
        Vector3.new(-16.6630, -9.7457, 0),
        Vector3.new(-16.2626, -10.1462, 0),
    },
    {
        Vector3.new(-15.2327, -11.1760, 0),
        Vector3.new(-14.8323, -11.5765, 0),
    },
    {
        Vector3.new(-26.2175, -0.3057, 0),
        Vector3.new(-25.8170, -0.7062, 0),
    },
    {
        Vector3.new(-16.7775, -9.7457, 0),
        Vector3.new(-16.3198, -10.2034, 0),
    },
    {
        Vector3.new(-26.3319, -0.3057, 0),
        Vector3.new(-25.9314, -0.7062, 0),
    },
    {
        Vector3.new(-16.8919, -9.7457, 0),
        Vector3.new(-16.4342, -10.2034, 0),
    },
    {
        Vector3.new(-26.4463, -0.3057, 0),
        Vector3.new(-25.9886, -0.7634, 0),
    },
    {
        Vector3.new(-17.0063, -9.7457, 0),
        Vector3.new(-16.5486, -10.2034, 0),
    },
    {
        Vector3.new(-26.5608, -0.3057, 0),
        Vector3.new(-26.1031, -0.7634, 0),
    },
    {
        Vector3.new(-17.1207, -9.7457, 0),
        Vector3.new(-16.6630, -10.2034, 0),
    },
    {
        Vector3.new(-26.6752, -0.3057, 0),
        Vector3.new(-26.2175, -0.7634, 0),
    },
    {
        Vector3.new(-17.2352, -9.7457, 0),
        Vector3.new(-16.7775, -10.2034, 0),
    },
    {
        Vector3.new(-26.7896, -0.3057, 0),
        Vector3.new(-26.3319, -0.7634, 0),
    },
    {
        Vector3.new(-17.3496, -9.7457, 0),
        Vector3.new(-16.8919, -10.2034, 0),
    },
    {
        Vector3.new(-26.9612, -0.2485, 0),
        Vector3.new(-26.4463, -0.7634, 0),
    },
    {
        Vector3.new(-17.4068, -9.8029, 0),
        Vector3.new(-17.0063, -10.2034, 0),
    },
    {
        Vector3.new(-27.1901, -0.1340, 0),
        Vector3.new(-26.6180, -0.7062, 0),
    },
    {
        Vector3.new(-17.4640, -9.8601, 0),
        Vector3.new(-17.0635, -10.2606, 0),
    },
    {
        Vector3.new(-27.5906, 0.1520, 0),
        Vector3.new(-27.1615, -0.2771, 0),
        Vector3.new(-26.7324, -0.7062, 0),
    },
    {
        Vector3.new(-17.5784, -9.8601, 0),
        Vector3.new(-17.1780, -10.2606, 0),
    },
    {
        Vector3.new(-27.9338, 0.3809, 0),
        Vector3.new(-27.5715, 0.0185, 0),
        Vector3.new(-27.2092, -0.3438, 0),
        Vector3.new(-26.8468, -0.7062, 0),
    },
    {
        Vector3.new(-17.6929, -9.8601, 0),
        Vector3.new(-17.2924, -10.2606, 0),
    },
    {
        Vector3.new(-28.0483, 0.3809, 0),
        Vector3.new(-27.6859, 0.0185, 0),
        Vector3.new(-27.3236, -0.3438, 0),
        Vector3.new(-26.9612, -0.7062, 0),
    },
    {
        Vector3.new(-17.8073, -9.8601, 0),
        Vector3.new(-17.4068, -10.2606, 0),
    },
    {
        Vector3.new(-28.1627, 0.3809, 0),
        Vector3.new(-27.8004, 0.0185, 0),
        Vector3.new(-27.4380, -0.3438, 0),
        Vector3.new(-27.0757, -0.7062, 0),
    },
    {
        Vector3.new(-17.9217, -9.8601, 0),
        Vector3.new(-17.5212, -10.2606, 0),
    },
    {
        Vector3.new(-28.2199, 0.3236, 0),
        Vector3.new(-27.8194, -0.0768, 0),
        Vector3.new(-27.4189, -0.4773, 0),
    },
    {
        Vector3.new(-18.0361, -9.8601, 0),
        Vector3.new(-17.6357, -10.2606, 0),
    },
    {
        Vector3.new(-16.5486, -11.3476, 0),
        Vector3.new(-16.1481, -11.7481, 0),
    },
    {
        Vector3.new(-28.2771, 0.2664, 0),
        Vector3.new(-27.6478, -0.3629, 0),
    },
    {
        Vector3.new(-24.8444, -3.1663, 0),
        Vector3.new(-24.4439, -3.5668, 0),
    },
    {
        Vector3.new(-18.1506, -9.8601, 0),
        Vector3.new(-17.7501, -10.2606, 0),
    },
    {
        Vector3.new(-16.6630, -11.3476, 0),
        Vector3.new(-16.2053, -11.8053, 0),
    },
    {
        Vector3.new(-28.3343, 0.2092, 0),
        Vector3.new(-27.7622, -0.3629, 0),
    },
    {
        Vector3.new(-25.1877, -2.9374, 0),
        Vector3.new(-24.7300, -3.3951, 0),
        Vector3.new(-24.2723, -3.8528, 0),
    },
    {
        Vector3.new(-18.2650, -9.8601, 0),
        Vector3.new(-17.8645, -10.2606, 0),
    },
    {
        Vector3.new(-16.7775, -11.3476, 0),
        Vector3.new(-16.3198, -11.8053, 0),
    },
    {
        Vector3.new(-28.3915, 0.1520, 0),
        Vector3.new(-27.9911, -0.2485, 0),
    },
    {
        Vector3.new(-25.3021, -2.9374, 0),
        Vector3.new(-24.7872, -3.4524, 0),
        Vector3.new(-24.2723, -3.9673, 0),
    },
    {
        Vector3.new(-18.3794, -9.8601, 0),
        Vector3.new(-17.9789, -10.2606, 0),
    },
    {
        Vector3.new(-16.8919, -11.3476, 0),
        Vector3.new(-16.4342, -11.8053, 0),
    },
    {
        Vector3.new(-25.4737, -2.8802, 0),
        Vector3.new(-25.0732, -3.2807, 0),
        Vector3.new(-24.6728, -3.6812, 0),
        Vector3.new(-24.2723, -4.0817, 0),
    },
    {
        Vector3.new(-18.4366, -9.9173, 0),
        Vector3.new(-17.9789, -10.3750, 0),
    },
    {
        Vector3.new(-28.5632, 0.0948, 0),
        Vector3.new(-28.1055, -0.3629, 0),
    },
    {
        Vector3.new(-25.7026, -2.7658, 0),
        Vector3.new(-25.3450, -3.1234, 0),
        Vector3.new(-24.9874, -3.4810, 0),
        Vector3.new(-24.6298, -3.8385, 0),
        Vector3.new(-24.2723, -4.1961, 0),
    },
    {
        Vector3.new(-18.5510, -9.9173, 0),
        Vector3.new(-18.0934, -10.3750, 0),
    },
    {
        Vector3.new(-25.8170, -2.7658, 0),
        Vector3.new(-25.3307, -3.2521, 0),
        Vector3.new(-24.8444, -3.7384, 0),
    },
    {
        Vector3.new(-24.6728, -3.9101, 0),
        Vector3.new(-24.2151, -4.3678, 0),
        Vector3.new(-23.7574, -4.8254, 0),
    },
    {
        Vector3.new(-25.9314, -2.7658, 0),
        Vector3.new(-25.5023, -3.1949, 0),
        Vector3.new(-25.0732, -3.6240, 0),
    },
    {
        Vector3.new(-24.6728, -4.0245, 0),
        Vector3.new(-24.2723, -4.4250, 0),
        Vector3.new(-23.8718, -4.8254, 0),
    },
    {
        Vector3.new(-26.0458, -2.7658, 0),
        Vector3.new(-25.4165, -3.3951, 0),
    },
    {
        Vector3.new(-24.6155, -4.1961, 0),
        Vector3.new(-23.9862, -4.8254, 0),
    },
    {
        Vector3.new(-26.1603, -2.7658, 0),
        Vector3.new(-25.5309, -3.3951, 0),
    },
    {
        Vector3.new(-24.6155, -4.3105, 0),
        Vector3.new(-24.1006, -4.8254, 0),
    },
    {
        Vector3.new(-26.2747, -2.7658, 0),
        Vector3.new(-25.7598, -3.2807, 0),
    },
    {
        Vector3.new(-24.6155, -4.4250, 0),
        Vector3.new(-24.2151, -4.8254, 0),
    },
    {
        Vector3.new(-26.3319, -2.8230, 0),
        Vector3.new(-25.8742, -3.2807, 0),
    },
    {
        Vector3.new(-26.3891, -2.8802, 0),
        Vector3.new(-25.9886, -3.2807, 0),
    },
    {
        Vector3.new(-19.2376, -10.0318, 0),
        Vector3.new(-18.7799, -10.4895, 0),
    },
    {
        Vector3.new(-26.5035, -2.8802, 0),
        Vector3.new(-26.1031, -3.2807, 0),
    },
    {
        Vector3.new(-19.3520, -10.0318, 0),
        Vector3.new(-18.8943, -10.4895, 0),
    },
    {
        Vector3.new(-29.1925, -0.3057, 0),
        Vector3.new(-28.7920, -0.7062, 0),
    },
    {
        Vector3.new(-26.6180, -2.8802, 0),
        Vector3.new(-26.2175, -3.2807, 0),
    },
    {
        Vector3.new(-29.3069, -0.3057, 0),
        Vector3.new(-28.9065, -0.7062, 0),
    },
    {
        Vector3.new(-26.7324, -2.8802, 0),
        Vector3.new(-26.3319, -3.2807, 0),
    },
    {
        Vector3.new(-19.4664, -10.1462, 0),
        Vector3.new(-19.0087, -10.6039, 0),
    },
    {
        Vector3.new(-29.4214, -0.3057, 0),
        Vector3.new(-29.0209, -0.7062, 0),
    },
    {
        Vector3.new(-29.5930, -0.2485, 0),
        Vector3.new(-29.1353, -0.7062, 0),
    },
    {
        Vector3.new(-26.9040, -2.9374, 0),
        Vector3.new(-26.5035, -3.3379, 0),
    },
    {
        Vector3.new(-33.6551, 3.6992, 0),
        Vector3.new(-33.2546, 3.2987, 0),
    },
    {
        Vector3.new(-29.8218, -0.1340, 0),
        Vector3.new(-29.2497, -0.7062, 0),
    },
    {
        Vector3.new(-33.7123, 3.6420, 0),
        Vector3.new(-33.2546, 3.1843, 0),
    },
    {
        Vector3.new(-30.4512, 0.3809, 0),
        Vector3.new(-30.0888, 0.0185, 0),
        Vector3.new(-29.7265, -0.3438, 0),
        Vector3.new(-29.3642, -0.7062, 0),
    },
    {
        Vector3.new(-30.4512, 0.2664, 0),
        Vector3.new(-29.9649, -0.2199, 0),
        Vector3.new(-29.4786, -0.7062, 0),
    },
    {
        Vector3.new(-25.5309, -4.6538, 0),
        Vector3.new(-25.1304, -5.0543, 0),
    },
    {
        Vector3.new(-33.8267, 3.5275, 0),
        Vector3.new(-33.4262, 3.1270, 0),
    },
    {
        Vector3.new(-30.4512, 0.1520, 0),
        Vector3.new(-30.0221, -0.2771, 0),
        Vector3.new(-29.5930, -0.7062, 0),
    },
    {
        Vector3.new(-25.6454, -4.6538, 0),
        Vector3.new(-25.2449, -5.0543, 0),
    },
    {
        Vector3.new(-33.8267, 3.4131, 0),
        Vector3.new(-33.4262, 3.0126, 0),
    },
    {
        Vector3.new(-30.4512, 0.0376, 0),
        Vector3.new(-30.0793, -0.3343, 0),
        Vector3.new(-29.7074, -0.7062, 0),
    },
    {
        Vector3.new(-27.2473, -3.1663, 0),
        Vector3.new(-26.7896, -3.6240, 0),
    },
    {
        Vector3.new(-25.7026, -4.7110, 0),
        Vector3.new(-25.3021, -5.1115, 0),
    },
    {
        Vector3.new(-30.4512, -0.0768, 0),
        Vector3.new(-29.8218, -0.7062, 0),
    },
    {
        Vector3.new(-27.3617, -3.1663, 0),
        Vector3.new(-26.9040, -3.6240, 0),
    },
    {
        Vector3.new(-30.4512, -0.1913, 0),
        Vector3.new(-30.0507, -0.5917, 0),
    },
    {
        Vector3.new(-27.4761, -3.1663, 0),
        Vector3.new(-27.0185, -3.6240, 0),
    },
    {
        Vector3.new(-33.9411, 3.1843, 0),
        Vector3.new(-33.5406, 2.7838, 0),
    },
    {
        Vector3.new(-27.5906, -3.1663, 0),
        Vector3.new(-27.0757, -3.6812, 0),
    },
    {
        Vector3.new(-24.3295, -6.4274, 0),
        Vector3.new(-23.8718, -6.8851, 0),
    },
    {
        Vector3.new(-33.9983, 3.1270, 0),
        Vector3.new(-33.5406, 2.6693, 0),
    },
    {
        Vector3.new(-27.7050, -3.1663, 0),
        Vector3.new(-27.1329, -3.7384, 0),
    },
    {
        Vector3.new(-24.4439, -6.4274, 0),
        Vector3.new(-23.8718, -6.9995, 0),
    },
    {
        Vector3.new(-20.6107, -10.2606, 0),
        Vector3.new(-20.2102, -10.6611, 0),
    },
    {
        Vector3.new(-27.8194, -3.1663, 0),
        Vector3.new(-27.2473, -3.7384, 0),
    },
    {
        Vector3.new(-24.6728, -6.3130, 0),
        Vector3.new(-24.2723, -6.7135, 0),
        Vector3.new(-23.8718, -7.1139, 0),
    },
    {
        Vector3.new(-21.2400, -9.7457, 0),
        Vector3.new(-20.7537, -10.2320, 0),
        Vector3.new(-20.2674, -10.7183, 0),
    },
    {
        Vector3.new(-28.0483, -3.0519, 0),
        Vector3.new(-27.4761, -3.6240, 0),
    },
    {
        Vector3.new(-24.9016, -6.1985, 0),
        Vector3.new(-24.3867, -6.7135, 0),
        Vector3.new(-23.8718, -7.2284, 0),
    },
    {
        Vector3.new(-21.2400, -9.8601, 0),
        Vector3.new(-20.8109, -10.2892, 0),
        Vector3.new(-20.3818, -10.7183, 0),
    },
    {
        Vector3.new(-34.1128, 2.8982, 0),
        Vector3.new(-33.6551, 2.4405, 0),
    },
    {
        Vector3.new(-28.1627, -3.0519, 0),
        Vector3.new(-27.5906, -3.6240, 0),
    },
    {
        Vector3.new(-25.0160, -6.1985, 0),
        Vector3.new(-24.6346, -6.5800, 0),
        Vector3.new(-24.2532, -6.9614, 0),
        Vector3.new(-23.8718, -7.3428, 0),
    },
    {
        Vector3.new(-21.2400, -9.9745, 0),
        Vector3.new(-20.8681, -10.3464, 0),
        Vector3.new(-20.4963, -10.7183, 0),
    },
    {
        Vector3.new(-28.2771, -3.0519, 0),
        Vector3.new(-27.7050, -3.6240, 0),
    },
    {
        Vector3.new(-25.1304, -6.1985, 0),
        Vector3.new(-24.7109, -6.6181, 0),
        Vector3.new(-24.2913, -7.0377, 0),
        Vector3.new(-23.8718, -7.4572, 0),
    },
    {
        Vector3.new(-21.2400, -10.0890, 0),
        Vector3.new(-20.6107, -10.7183, 0),
    },
    {
        Vector3.new(-28.5060, -2.9374, 0),
        Vector3.new(-27.8194, -3.6240, 0),
    },
    {
        Vector3.new(-26.3319, -5.1115, 0),
        Vector3.new(-25.8742, -5.5692, 0),
    },
    {
        Vector3.new(-25.2449, -6.1985, 0),
        Vector3.new(-24.8730, -6.5704, 0),
        Vector3.new(-24.5011, -6.9423, 0),
    },
    {
        Vector3.new(-24.3867, -7.0567, 0),
        Vector3.new(-23.8718, -7.5716, 0),
    },
    {
        Vector3.new(-21.2400, -10.2034, 0),
        Vector3.new(-20.7251, -10.7183, 0),
    },
    {
        Vector3.new(-28.6776, -2.8802, 0),
        Vector3.new(-28.3057, -3.2521, 0),
        Vector3.new(-27.9338, -3.6240, 0),
    },
    {
        Vector3.new(-26.4463, -5.1115, 0),
        Vector3.new(-25.8742, -5.6836, 0),
    },
    {
        Vector3.new(-25.3593, -6.1985, 0),
        Vector3.new(-24.7300, -6.8279, 0),
    },
    {
        Vector3.new(-24.3867, -7.1711, 0),
        Vector3.new(-23.9290, -7.6288, 0),
    },
    {
        Vector3.new(-21.2972, -10.2606, 0),
        Vector3.new(-20.8395, -10.7183, 0),
    },
    {
        Vector3.new(-30.1079, -1.5644, 0),
        Vector3.new(-29.5358, -2.1365, 0),
    },
    {
        Vector3.new(-28.7920, -2.8802, 0),
        Vector3.new(-28.4202, -3.2521, 0),
        Vector3.new(-28.0483, -3.6240, 0),
    },
    {
        Vector3.new(-26.5035, -5.1687, 0),
        Vector3.new(-25.8742, -5.7981, 0),
    },
    {
        Vector3.new(-25.7026, -5.9697, 0),
        Vector3.new(-25.2735, -6.3988, 0),
        Vector3.new(-24.8444, -6.8279, 0),
    },
    {
        Vector3.new(-24.3867, -7.2856, 0),
        Vector3.new(-23.9290, -7.7433, 0),
    },
    {
        Vector3.new(-21.3544, -10.3178, 0),
        Vector3.new(-20.9540, -10.7183, 0),
    },
    {
        Vector3.new(-30.2223, -1.5644, 0),
        Vector3.new(-29.8218, -1.9648, 0),
        Vector3.new(-29.4214, -2.3653, 0),
    },
    {
        Vector3.new(-29.0209, -2.7658, 0),
        Vector3.new(-28.5918, -3.1949, 0),
        Vector3.new(-28.1627, -3.6240, 0),
    },
    {
        Vector3.new(-26.5035, -5.2831, 0),
        Vector3.new(-26.1174, -5.6693, 0),
        Vector3.new(-25.7312, -6.0555, 0),
        Vector3.new(-25.3450, -6.4417, 0),
        Vector3.new(-24.9588, -6.8279, 0),
    },
    {
        Vector3.new(-30.3368, -1.5644, 0),
        Vector3.new(-29.8218, -2.0793, 0),
        Vector3.new(-29.3069, -2.5942, 0),
    },
    {
        Vector3.new(-29.1353, -2.7658, 0),
        Vector3.new(-28.7634, -3.1377, 0),
        Vector3.new(-28.3915, -3.5096, 0),
    },
    {
        Vector3.new(-26.5035, -5.3976, 0),
        Vector3.new(-26.1174, -5.7838, 0),
        Vector3.new(-25.7312, -6.1699, 0),
        Vector3.new(-25.3450, -6.5561, 0),
        Vector3.new(-24.9588, -6.9423, 0),
    },
    {
        Vector3.new(-30.5656, -1.4499, 0),
        Vector3.new(-30.1537, -1.8619, 0),
        Vector3.new(-29.7418, -2.2738, 0),
        Vector3.new(-29.3298, -2.6857, 0),
        Vector3.new(-28.9179, -3.0976, 0),
        Vector3.new(-28.5060, -3.5096, 0),
    },
    {
        Vector3.new(-26.5035, -5.5120, 0),
        Vector3.new(-26.1460, -5.8696, 0),
        Vector3.new(-25.7884, -6.2271, 0),
        Vector3.new(-25.4308, -6.5847, 0),
        Vector3.new(-25.0732, -6.9423, 0),
    },
    {
        Vector3.new(-30.6800, -1.4499, 0),
        Vector3.new(-30.2910, -1.8390, 0),
        Vector3.new(-29.9019, -2.2280, 0),
        Vector3.new(-29.5129, -2.6171, 0),
        Vector3.new(-29.1239, -3.0061, 0),
        Vector3.new(-28.7348, -3.3951, 0),
    },
    {
        Vector3.new(-26.5035, -5.6264, 0),
        Vector3.new(-26.1031, -6.0269, 0),
        Vector3.new(-25.7026, -6.4274, 0),
    },
    {
        Vector3.new(-25.5881, -6.5418, 0),
        Vector3.new(-25.0732, -7.0567, 0),
    },
    {
        Vector3.new(-20.4963, -11.6337, 0),
        Vector3.new(-20.0958, -12.0342, 0),
    },
    {
        Vector3.new(-30.9089, -1.3355, 0),
        Vector3.new(-30.4970, -1.7474, 0),
        Vector3.new(-30.0850, -2.1594, 0),
        Vector3.new(-29.6731, -2.5713, 0),
        Vector3.new(-29.2612, -2.9832, 0),
        Vector3.new(-28.8492, -3.3951, 0),
    },
    {
        Vector3.new(-26.5035, -5.7408, 0),
        Vector3.new(-25.8170, -6.4274, 0),
    },
    {
        Vector3.new(-25.5309, -6.7135, 0),
        Vector3.new(-25.0732, -7.1711, 0),
    },
    {
        Vector3.new(-20.6107, -11.6337, 0),
        Vector3.new(-20.2102, -12.0342, 0),
    },
    {
        Vector3.new(-31.0233, -1.3355, 0),
        Vector3.new(-30.6514, -1.7074, 0),
        Vector3.new(-30.2795, -2.0793, 0),
    },
    {
        Vector3.new(-29.7646, -2.5942, 0),
        Vector3.new(-29.0781, -3.2807, 0),
    },
    {
        Vector3.new(-24.5583, -7.8005, 0),
        Vector3.new(-24.1578, -8.2010, 0),
    },
    {
        Vector3.new(-20.7251, -11.6337, 0),
        Vector3.new(-20.3246, -12.0342, 0),
    },
    {
        Vector3.new(-31.1377, -1.3355, 0),
        Vector3.new(-30.5656, -1.9076, 0),
    },
    {
        Vector3.new(-29.7646, -2.7086, 0),
        Vector3.new(-29.1925, -3.2807, 0),
    },
    {
        Vector3.new(-24.6155, -7.8577, 0),
        Vector3.new(-24.2151, -8.2582, 0),
    },
    {
        Vector3.new(-20.8395, -11.6337, 0),
        Vector3.new(-20.4391, -12.0342, 0),
    },
    {
        Vector3.new(-31.2522, -1.3355, 0),
        Vector3.new(-30.7945, -1.7932, 0),
    },
    {
        Vector3.new(-20.9540, -11.6337, 0),
        Vector3.new(-20.5535, -12.0342, 0),
    },
    {
        Vector3.new(-31.3666, -1.3355, 0),
        Vector3.new(-30.9089, -1.7932, 0),
    },
    {
        Vector3.new(-21.5833, -11.1188, 0),
        Vector3.new(-21.1256, -11.5765, 0),
        Vector3.new(-20.6679, -12.0342, 0),
    },
    {
        Vector3.new(-21.6405, -11.1760, 0),
        Vector3.new(-21.2114, -11.6051, 0),
        Vector3.new(-20.7823, -12.0342, 0),
    },
    {
        Vector3.new(-21.6977, -11.2332, 0),
        Vector3.new(-21.2972, -11.6337, 0),
        Vector3.new(-20.8967, -12.0342, 0),
    },
    {
        Vector3.new(-21.7549, -11.2904, 0),
        Vector3.new(-21.3831, -11.6623, 0),
        Vector3.new(-21.0112, -12.0342, 0),
    },
    {
        Vector3.new(-25.6454, -7.5144, 0),
        Vector3.new(-25.2449, -7.9149, 0),
    },
    {
        Vector3.new(-21.7549, -11.4048, 0),
        Vector3.new(-21.0684, -12.0914, 0),
    },
    {
        Vector3.new(-25.7026, -7.5716, 0),
        Vector3.new(-25.3021, -7.9721, 0),
    },
    {
        Vector3.new(-21.8121, -11.4621, 0),
        Vector3.new(-21.1828, -12.0914, 0),
    },
    {
        Vector3.new(-21.8694, -11.5193, 0),
        Vector3.new(-21.2972, -12.0914, 0),
    },
    {
        Vector3.new(-34.9137, 1.4107, 0),
        Vector3.new(-34.4560, 0.9530, 0),
    },
    {
        Vector3.new(-21.9266, -11.5765, 0),
        Vector3.new(-21.2972, -12.2058, 0),
    },
    {
        Vector3.new(-34.9137, 1.2963, 0),
        Vector3.new(-34.4560, 0.8386, 0),
    },
    {
        Vector3.new(-21.9838, -11.6337, 0),
        Vector3.new(-21.4117, -12.2058, 0),
    },
    {
        Vector3.new(-22.0982, -11.6337, 0),
        Vector3.new(-21.5261, -12.2058, 0),
    },
    {
        Vector3.new(-22.0982, -11.7481, 0),
        Vector3.new(-21.6405, -12.2058, 0),
    },
    {
        Vector3.new(-35.0282, 1.0674, 0),
        Vector3.new(-34.5705, 0.6097, 0),
    },
    {
        Vector3.new(-22.0982, -11.8625, 0),
        Vector3.new(-21.6977, -12.2630, 0),
    },
    {
        Vector3.new(-32.4536, -1.6216, 0),
        Vector3.new(-32.0531, -2.0221, 0),
    },
    {
        Vector3.new(-35.0854, 0.8958, 0),
        Vector3.new(-34.6849, 0.4953, 0),
    },
    {
        Vector3.new(-32.5108, -1.6788, 0),
        Vector3.new(-32.1103, -2.0793, 0),
    },
    {
        Vector3.new(-35.1426, 0.8386, 0),
        Vector3.new(-34.7421, 0.4381, 0),
    },
    {
        Vector3.new(-32.5680, -1.7360, 0),
        Vector3.new(-32.1675, -2.1365, 0),
    },
    {
        Vector3.new(-35.1998, 0.7813, 0),
        Vector3.new(-34.7421, 0.3236, 0),
    },
    {
        Vector3.new(-35.1998, 0.6669, 0),
        Vector3.new(-34.7421, 0.2092, 0),
    },
    {
        Vector3.new(-32.6825, -1.8504, 0),
        Vector3.new(-32.2248, -2.3081, 0),
    },
    {
        Vector3.new(-25.1304, -9.6313, 0),
        Vector3.new(-24.7300, -10.0318, 0),
    },
    {
        Vector3.new(-32.7969, -2.0793, 0),
        Vector3.new(-32.3392, -2.5370, 0),
    },
    {
        Vector3.new(-32.7969, -2.1937, 0),
        Vector3.new(-32.3392, -2.6514, 0),
    },
    {
        Vector3.new(-32.7969, -2.3081, 0),
        Vector3.new(-32.3964, -2.7086, 0),
    },
    {
        Vector3.new(-32.8541, -2.3653, 0),
        Vector3.new(-32.4536, -2.7658, 0),
    },
    {
        Vector3.new(-32.9685, -2.3653, 0),
        Vector3.new(-32.4536, -2.8802, 0),
    },
    {
        Vector3.new(-33.0829, -2.3653, 0),
        Vector3.new(-32.4536, -2.9947, 0),
    },
    {
        Vector3.new(-33.1974, -2.3653, 0),
        Vector3.new(-32.8255, -2.7372, 0),
        Vector3.new(-32.4536, -3.1091, 0),
    },
    {
        Vector3.new(-33.3118, -2.3653, 0),
        Vector3.new(-32.8827, -2.7944, 0),
        Vector3.new(-32.4536, -3.2235, 0),
    },
    {
        Vector3.new(-25.3593, -10.3178, 0),
        Vector3.new(-24.9588, -10.7183, 0),
    },
    {
        Vector3.new(-25.4737, -10.4322, 0),
        Vector3.new(-25.0732, -10.8327, 0),
    },
    {
        Vector3.new(-33.7695, -2.2509, 0),
        Vector3.new(-33.3118, -2.7086, 0),
    },
    {
        Vector3.new(-26.5035, -9.5168, 0),
        Vector3.new(-26.0458, -9.9745, 0),
    },
    {
        Vector3.new(-25.5309, -10.4895, 0),
        Vector3.new(-25.1304, -10.8899, 0),
    },
    {
        Vector3.new(-34.0555, -2.0793, 0),
        Vector3.new(-33.4262, -2.7086, 0),
    },
    {
        Vector3.new(-26.6180, -9.5168, 0),
        Vector3.new(-26.0458, -10.0890, 0),
    },
    {
        Vector3.new(-25.5881, -10.5467, 0),
        Vector3.new(-25.1877, -10.9472, 0),
    },
    {
        Vector3.new(-35.4859, -0.7634, 0),
        Vector3.new(-35.0854, -1.1639, 0),
    },
    {
        Vector3.new(-34.1700, -2.0793, 0),
        Vector3.new(-33.5406, -2.7086, 0),
    },
    {
        Vector3.new(-32.9113, -3.3379, 0),
        Vector3.new(-32.4536, -3.7956, 0),
    },
    {
        Vector3.new(-26.7324, -9.5168, 0),
        Vector3.new(-26.0458, -10.2034, 0),
    },
    {
        Vector3.new(-25.5881, -10.6611, 0),
        Vector3.new(-25.1877, -11.0616, 0),
    },
    {
        Vector3.new(-23.3569, -12.8924, 0),
        Vector3.new(-22.9564, -13.2929, 0),
    },
    {
        Vector3.new(-35.5431, -0.8206, 0),
        Vector3.new(-35.0854, -1.2783, 0),
    },
    {
        Vector3.new(-34.7993, -1.5644, 0),
        Vector3.new(-34.4179, -1.9458, 0),
        Vector3.new(-34.0365, -2.3272, 0),
        Vector3.new(-33.6551, -2.7086, 0),
    },
    {
        Vector3.new(-26.8468, -9.5168, 0),
        Vector3.new(-26.4463, -9.9173, 0),
        Vector3.new(-26.0458, -10.3178, 0),
    },
    {
        Vector3.new(-25.7026, -10.6611, 0),
        Vector3.new(-25.2449, -11.1188, 0),
    },
    {
        Vector3.new(-23.4141, -12.9496, 0),
        Vector3.new(-23.0136, -13.3501, 0),
    },
    {
        Vector3.new(-35.5431, -0.9350, 0),
        Vector3.new(-35.0997, -1.3784, 0),
        Vector3.new(-34.6563, -1.8218, 0),
        Vector3.new(-34.2129, -2.2652, 0),
        Vector3.new(-33.7695, -2.7086, 0),
    },
    {
        Vector3.new(-32.9685, -3.5096, 0),
        Vector3.new(-32.5680, -3.9101, 0),
    },
    {
        Vector3.new(-26.9612, -9.5168, 0),
        Vector3.new(-26.5465, -9.9316, 0),
        Vector3.new(-26.1317, -10.3464, 0),
        Vector3.new(-25.7169, -10.7612, 0),
        Vector3.new(-25.3021, -11.1760, 0),
    },
    {
        Vector3.new(-35.5431, -1.0494, 0),
        Vector3.new(-35.1569, -1.4356, 0),
        Vector3.new(-34.7707, -1.8218, 0),
        Vector3.new(-34.3845, -2.2080, 0),
        Vector3.new(-33.9983, -2.5942, 0),
    },
    {
        Vector3.new(-33.0257, -3.5668, 0),
        Vector3.new(-32.5680, -4.0245, 0),
    },
    {
        Vector3.new(-27.0757, -9.5168, 0),
        Vector3.new(-26.6180, -9.9745, 0),
    },
    {
        Vector3.new(-26.3319, -10.2606, 0),
        Vector3.new(-25.8742, -10.7183, 0),
        Vector3.new(-25.4165, -11.1760, 0),
    },
    {
        Vector3.new(-35.5431, -1.1639, 0),
        Vector3.new(-35.1855, -1.5214, 0),
        Vector3.new(-34.8279, -1.8790, 0),
        Vector3.new(-34.4703, -2.2366, 0),
        Vector3.new(-34.1128, -2.5942, 0),
    },
    {
        Vector3.new(-33.1402, -3.5668, 0),
        Vector3.new(-32.5680, -4.1389, 0),
    },
    {
        Vector3.new(-27.1901, -9.5168, 0),
        Vector3.new(-26.7324, -9.9745, 0),
    },
    {
        Vector3.new(-26.3319, -10.3750, 0),
        Vector3.new(-25.9314, -10.7755, 0),
        Vector3.new(-25.5309, -11.1760, 0),
    },
    {
        Vector3.new(-35.5431, -1.2783, 0),
        Vector3.new(-35.1426, -1.6788, 0),
        Vector3.new(-34.7421, -2.0793, 0),
        Vector3.new(-34.3416, -2.4797, 0),
    },
    {
        Vector3.new(-33.2546, -3.5668, 0),
        Vector3.new(-32.6252, -4.1961, 0),
    },
    {
        Vector3.new(-27.3045, -9.5168, 0),
        Vector3.new(-26.8468, -9.9745, 0),
    },
    {
        Vector3.new(-26.3319, -10.4895, 0),
        Vector3.new(-25.6454, -11.1760, 0),
    },
    {
        Vector3.new(-35.4286, -1.5071, 0),
        Vector3.new(-35.0282, -1.9076, 0),
        Vector3.new(-34.6277, -2.3081, 0),
    },
    {
        Vector3.new(-33.3690, -3.5668, 0),
        Vector3.new(-32.7397, -4.1961, 0),
    },
    {
        Vector3.new(-26.3891, -10.5467, 0),
        Vector3.new(-25.8170, -11.1188, 0),
    },
    {
        Vector3.new(-35.1998, -1.8504, 0),
        Vector3.new(-34.7421, -2.3081, 0),
    },
    {
        Vector3.new(-33.4834, -3.5668, 0),
        Vector3.new(-33.1115, -3.9387, 0),
        Vector3.new(-32.7397, -4.3105, 0),
    },
    {
        Vector3.new(-26.4463, -10.6039, 0),
        Vector3.new(-25.9314, -11.1188, 0),
    },
    {
        Vector3.new(-33.5979, -3.5668, 0),
        Vector3.new(-33.1688, -3.9959, 0),
        Vector3.new(-32.7397, -4.4250, 0),
    },
    {
        Vector3.new(-26.5035, -10.6611, 0),
        Vector3.new(-26.0458, -11.1188, 0),
    },
    {
        Vector3.new(-33.7123, -3.5668, 0),
        Vector3.new(-33.2260, -4.0531, 0),
        Vector3.new(-32.7397, -4.5394, 0),
    },
    {
        Vector3.new(-27.9338, -9.3452, 0),
        Vector3.new(-27.4761, -9.8029, 0),
    },
    {
        Vector3.new(-26.6180, -10.6611, 0),
        Vector3.new(-26.1603, -11.1188, 0),
    },
    {
        Vector3.new(-33.8267, -3.5668, 0),
        Vector3.new(-33.4644, -3.9291, 0),
        Vector3.new(-33.1020, -4.2915, 0),
        Vector3.new(-32.7397, -4.6538, 0),
    },
    {
        Vector3.new(-28.0483, -9.3452, 0),
        Vector3.new(-27.5906, -9.8029, 0),
    },
    {
        Vector3.new(-26.7324, -10.6611, 0),
        Vector3.new(-26.2747, -11.1188, 0),
    },
    {
        Vector3.new(-25.2449, -12.1486, 0),
        Vector3.new(-24.8444, -12.5491, 0),
    },
    {
        Vector3.new(-33.8839, -3.6240, 0),
        Vector3.new(-33.4834, -4.0245, 0),
    },
    {
        Vector3.new(-33.1974, -4.3105, 0),
        Vector3.new(-32.7969, -4.7110, 0),
    },
    {
        Vector3.new(-28.1627, -9.3452, 0),
        Vector3.new(-27.7050, -9.8029, 0),
    },
    {
        Vector3.new(-26.8468, -10.6611, 0),
        Vector3.new(-26.3891, -11.1188, 0),
    },
    {
        Vector3.new(-25.3593, -12.1486, 0),
        Vector3.new(-24.8444, -12.6635, 0),
    },
    {
        Vector3.new(-28.3915, -9.2308, 0),
        Vector3.new(-27.9338, -9.6885, 0),
    },
    {
        Vector3.new(-26.9612, -10.6611, 0),
        Vector3.new(-26.5035, -11.1188, 0),
    },
    {
        Vector3.new(-25.4737, -12.1486, 0),
        Vector3.new(-24.8444, -12.7779, 0),
    },
    {
        Vector3.new(-28.6204, -9.1164, 0),
        Vector3.new(-28.0483, -9.6885, 0),
    },
    {
        Vector3.new(-27.0757, -10.6611, 0),
        Vector3.new(-26.6180, -11.1188, 0),
    },
    {
        Vector3.new(-25.5881, -12.1486, 0),
        Vector3.new(-25.2163, -12.5205, 0),
        Vector3.new(-24.8444, -12.8924, 0),
    },
    {
        Vector3.new(-24.3295, -13.4073, 0),
        Vector3.new(-23.8718, -13.8650, 0),
    },
    {
        Vector3.new(-28.7348, -9.1164, 0),
        Vector3.new(-28.1627, -9.6885, 0),
    },
    {
        Vector3.new(-27.1901, -10.6611, 0),
        Vector3.new(-26.7324, -11.1188, 0),
    },
    {
        Vector3.new(-25.7026, -12.1486, 0),
        Vector3.new(-25.2735, -12.5777, 0),
        Vector3.new(-24.8444, -13.0068, 0),
    },
    {
        Vector3.new(-24.4439, -13.4073, 0),
        Vector3.new(-23.9290, -13.9222, 0),
    },
    {
        Vector3.new(-28.8492, -9.1164, 0),
        Vector3.new(-28.3915, -9.5741, 0),
    },
    {
        Vector3.new(-25.8170, -12.1486, 0),
        Vector3.new(-25.3307, -12.6349, 0),
        Vector3.new(-24.8444, -13.1212, 0),
    },
    {
        Vector3.new(-24.5583, -13.4073, 0),
        Vector3.new(-24.0434, -13.9222, 0),
    },
    {
        Vector3.new(-29.0781, -9.0019, 0),
        Vector3.new(-28.5060, -9.5741, 0),
    },
    {
        Vector3.new(-25.3021, -12.7779, 0),
        Vector3.new(-24.8444, -13.2356, 0),
    },
    {
        Vector3.new(-24.6728, -13.4073, 0),
        Vector3.new(-24.1578, -13.9222, 0),
    },
    {
        Vector3.new(-29.1925, -9.0019, 0),
        Vector3.new(-28.6204, -9.5741, 0),
    },
    {
        Vector3.new(-25.3021, -12.8924, 0),
        Vector3.new(-24.7872, -13.4073, 0),
        Vector3.new(-24.2723, -13.9222, 0),
    },
    {
        Vector3.new(-29.3069, -9.0019, 0),
        Vector3.new(-28.8492, -9.4596, 0),
    },
    {
        Vector3.new(-25.3021, -13.0068, 0),
        Vector3.new(-24.8444, -13.4645, 0),
        Vector3.new(-24.3867, -13.9222, 0),
    },
    {
        Vector3.new(-29.4786, -8.9447, 0),
        Vector3.new(-28.9637, -9.4596, 0),
    },
    {
        Vector3.new(-25.3021, -13.1212, 0),
        Vector3.new(-24.9016, -13.5217, 0),
        Vector3.new(-24.5011, -13.9222, 0),
    },
    {
        Vector3.new(-33.5406, -4.9971, 0),
        Vector3.new(-33.1402, -5.3976, 0),
    },
    {
        Vector3.new(-29.5930, -8.9447, 0),
        Vector3.new(-29.1353, -9.4024, 0),
    },
    {
        Vector3.new(-25.3021, -13.2356, 0),
        Vector3.new(-24.6155, -13.9222, 0),
    },
    {
        Vector3.new(-34.6849, -3.9673, 0),
        Vector3.new(-34.2844, -4.3678, 0),
    },
    {
        Vector3.new(-33.6551, -4.9971, 0),
        Vector3.new(-33.1402, -5.5120, 0),
    },
    {
        Vector3.new(-29.8218, -8.8303, 0),
        Vector3.new(-29.2497, -9.4024, 0),
    },
    {
        Vector3.new(-25.3021, -13.3501, 0),
        Vector3.new(-24.7300, -13.9222, 0),
    },
    {
        Vector3.new(-34.7993, -3.9673, 0),
        Vector3.new(-34.2844, -4.4822, 0),
    },
    {
        Vector3.new(-33.7695, -4.9971, 0),
        Vector3.new(-33.1402, -5.6264, 0),
    },
    {
        Vector3.new(-30.0507, -8.7159, 0),
        Vector3.new(-29.3642, -9.4024, 0),
    },
    {
        Vector3.new(-28.3343, -10.4322, 0),
        Vector3.new(-27.8766, -10.8899, 0),
    },
    {
        Vector3.new(-25.3021, -13.4645, 0),
        Vector3.new(-24.8444, -13.9222, 0),
    },
    {
        Vector3.new(-34.7993, -4.0817, 0),
        Vector3.new(-34.3845, -4.4965, 0),
        Vector3.new(-33.9697, -4.9113, 0),
        Vector3.new(-33.5549, -5.3261, 0),
        Vector3.new(-33.1402, -5.7408, 0),
    },
    {
        Vector3.new(-30.1651, -8.7159, 0),
        Vector3.new(-29.4786, -9.4024, 0),
    },
    {
        Vector3.new(-28.4488, -10.4322, 0),
        Vector3.new(-27.9911, -10.8899, 0),
    },
    {
        Vector3.new(-34.9137, -4.0817, 0),
        Vector3.new(-34.4703, -4.5251, 0),
        Vector3.new(-34.0269, -4.9685, 0),
        Vector3.new(-33.5835, -5.4119, 0),
        Vector3.new(-33.1402, -5.8553, 0),
    },
    {
        Vector3.new(-30.2795, -8.7159, 0),
        Vector3.new(-29.5930, -9.4024, 0),
    },
    {
        Vector3.new(-28.5632, -10.4322, 0),
        Vector3.new(-28.1055, -10.8899, 0),
    },
    {
        Vector3.new(-34.9137, -4.1961, 0),
        Vector3.new(-34.4703, -4.6395, 0),
        Vector3.new(-34.0269, -5.0829, 0),
        Vector3.new(-33.5835, -5.5263, 0),
        Vector3.new(-33.1402, -5.9697, 0),
    },
    {
        Vector3.new(-30.3940, -8.7159, 0),
        Vector3.new(-29.7074, -9.4024, 0),
    },
    {
        Vector3.new(-28.7920, -10.3178, 0),
        Vector3.new(-28.3343, -10.7755, 0),
    },
    {
        Vector3.new(-34.9137, -4.3105, 0),
        Vector3.new(-34.3988, -4.8254, 0),
        Vector3.new(-33.8839, -5.3404, 0),
    },
    {
        Vector3.new(-33.5979, -5.6264, 0),
        Vector3.new(-33.1974, -6.0269, 0),
    },
    {
        Vector3.new(-30.6228, -8.6015, 0),
        Vector3.new(-30.2223, -9.0019, 0),
        Vector3.new(-29.8218, -9.4024, 0),
    },
    {
        Vector3.new(-28.9065, -10.3178, 0),
        Vector3.new(-28.4488, -10.7755, 0),
    },
    {
        Vector3.new(-34.9137, -4.4250, 0),
        Vector3.new(-34.4560, -4.8827, 0),
        Vector3.new(-33.9983, -5.3404, 0),
    },
    {
        Vector3.new(-30.7372, -8.6015, 0),
        Vector3.new(-30.0507, -9.2880, 0),
    },
    {
        Vector3.new(-29.0209, -10.3178, 0),
        Vector3.new(-28.5632, -10.7755, 0),
    },
    {
        Vector3.new(-34.9137, -4.5394, 0),
        Vector3.new(-34.5132, -4.9399, 0),
        Vector3.new(-34.1128, -5.3404, 0),
    },
    {
        Vector3.new(-30.8517, -8.6015, 0),
        Vector3.new(-30.1651, -9.2880, 0),
    },
    {
        Vector3.new(-29.1925, -10.2606, 0),
        Vector3.new(-28.7348, -10.7183, 0),
    },
    {
        Vector3.new(-34.9137, -4.6538, 0),
        Vector3.new(-34.4560, -5.1115, 0),
    },
    {
        Vector3.new(-30.9661, -8.6015, 0),
        Vector3.new(-30.2795, -9.2880, 0),
    },
    {
        Vector3.new(-29.3069, -10.2606, 0),
        Vector3.new(-28.8492, -10.7183, 0),
    },
    {
        Vector3.new(-31.0805, -8.6015, 0),
        Vector3.new(-30.6228, -9.0591, 0),
    },
    {
        Vector3.new(-29.4214, -10.2606, 0),
        Vector3.new(-28.9637, -10.7183, 0),
    },
    {
        Vector3.new(-31.2522, -8.5442, 0),
        Vector3.new(-30.7372, -9.0591, 0),
    },
    {
        Vector3.new(-29.6502, -10.1462, 0),
        Vector3.new(-29.0781, -10.7183, 0),
    },
    {
        Vector3.new(-33.7123, -6.1985, 0),
        Vector3.new(-33.2546, -6.6562, 0),
    },
    {
        Vector3.new(-31.3666, -8.5442, 0),
        Vector3.new(-30.8517, -9.0591, 0),
    },
    {
        Vector3.new(-29.7646, -10.1462, 0),
        Vector3.new(-29.1925, -10.7183, 0),
    },
    {
        Vector3.new(-33.7123, -6.3130, 0),
        Vector3.new(-33.2546, -6.7707, 0),
    },
    {
        Vector3.new(-31.5954, -8.4298, 0),
        Vector3.new(-30.9661, -9.0591, 0),
    },
    {
        Vector3.new(-29.8791, -10.1462, 0),
        Vector3.new(-29.3069, -10.7183, 0),
    },
    {
        Vector3.new(-28.1627, -11.8625, 0),
        Vector3.new(-27.7050, -12.3202, 0),
    },
    {
        Vector3.new(-31.7099, -8.4298, 0),
        Vector3.new(-31.1949, -8.9447, 0),
    },
    {
        Vector3.new(-29.9935, -10.1462, 0),
        Vector3.new(-29.4214, -10.7183, 0),
    },
    {
        Vector3.new(-28.2771, -11.8625, 0),
        Vector3.new(-27.8194, -12.3202, 0),
    },
    {
        Vector3.new(-31.8243, -8.4298, 0),
        Vector3.new(-31.3094, -8.9447, 0),
    },
    {
        Vector3.new(-30.1079, -10.1462, 0),
        Vector3.new(-29.5358, -10.7183, 0),
    },
    {
        Vector3.new(-28.3915, -11.8625, 0),
        Vector3.new(-27.9338, -12.3202, 0),
    },
    {
        Vector3.new(-33.7695, -6.5990, 0),
        Vector3.new(-33.3690, -6.9995, 0),
    },
    {
        Vector3.new(-32.0531, -8.3154, 0),
        Vector3.new(-31.4810, -8.8875, 0),
    },
    {
        Vector3.new(-30.2223, -10.1462, 0),
        Vector3.new(-29.6502, -10.7183, 0),
    },
    {
        Vector3.new(-28.6204, -11.7481, 0),
        Vector3.new(-28.0483, -12.3202, 0),
    },
    {
        Vector3.new(-33.8267, -6.6562, 0),
        Vector3.new(-33.4262, -7.0567, 0),
    },
    {
        Vector3.new(-32.2820, -8.2010, 0),
        Vector3.new(-31.5954, -8.8875, 0),
    },
    {
        Vector3.new(-30.4512, -10.0318, 0),
        Vector3.new(-29.8791, -10.6039, 0),
    },
    {
        Vector3.new(-28.8492, -11.6337, 0),
        Vector3.new(-28.2771, -12.2058, 0),
    },
    {
        Vector3.new(-33.8267, -6.7707, 0),
        Vector3.new(-33.4262, -7.1711, 0),
    },
    {
        Vector3.new(-32.3964, -8.2010, 0),
        Vector3.new(-31.7099, -8.8875, 0),
    },
    {
        Vector3.new(-30.5656, -10.0318, 0),
        Vector3.new(-29.9935, -10.6039, 0),
    },
    {
        Vector3.new(-28.9637, -11.6337, 0),
        Vector3.new(-28.3915, -12.2058, 0),
    },
    {
        Vector3.new(-33.8267, -6.8851, 0),
        Vector3.new(-33.4262, -7.2856, 0),
    },
    {
        Vector3.new(-32.6825, -8.0293, 0),
        Vector3.new(-32.3106, -8.4012, 0),
        Vector3.new(-31.9387, -8.7731, 0),
    },
    {
        Vector3.new(-30.6800, -10.0318, 0),
        Vector3.new(-30.1079, -10.6039, 0),
    },
    {
        Vector3.new(-29.0781, -11.6337, 0),
        Vector3.new(-28.5060, -12.2058, 0),
    },
    {
        Vector3.new(-33.8267, -6.9995, 0),
        Vector3.new(-33.4262, -7.4000, 0),
    },
    {
        Vector3.new(-32.7969, -8.0293, 0),
        Vector3.new(-32.1675, -8.6587, 0),
    },
    {
        Vector3.new(-30.9089, -9.9173, 0),
        Vector3.new(-30.2223, -10.6039, 0),
    },
    {
        Vector3.new(-29.1925, -11.6337, 0),
        Vector3.new(-28.6204, -12.2058, 0),
    },
    {
        Vector3.new(-33.8267, -7.1139, 0),
        Vector3.new(-33.4262, -7.5144, 0),
    },
    {
        Vector3.new(-33.0257, -7.9149, 0),
        Vector3.new(-32.6539, -8.2868, 0),
        Vector3.new(-32.2820, -8.6587, 0),
    },
    {
        Vector3.new(-31.0233, -9.9173, 0),
        Vector3.new(-30.3368, -10.6039, 0),
    },
    {
        Vector3.new(-29.3642, -11.5765, 0),
        Vector3.new(-28.8492, -12.0914, 0),
    },
    {
        Vector3.new(-33.8267, -7.2284, 0),
        Vector3.new(-33.3881, -7.6670, 0),
        Vector3.new(-32.9494, -8.1056, 0),
        Vector3.new(-32.5108, -8.5442, 0),
    },
    {
        Vector3.new(-31.1377, -9.9173, 0),
        Vector3.new(-30.5656, -10.4895, 0),
    },
    {
        Vector3.new(-29.4786, -11.5765, 0),
        Vector3.new(-28.9637, -12.0914, 0),
    },
    {
        Vector3.new(-33.8267, -7.3428, 0),
        Vector3.new(-33.4262, -7.7433, 0),
        Vector3.new(-33.0257, -8.1438, 0),
        Vector3.new(-32.6252, -8.5442, 0),
    },
    {
        Vector3.new(-31.3094, -9.8601, 0),
        Vector3.new(-30.6800, -10.4895, 0),
    },
    {
        Vector3.new(-29.5930, -11.5765, 0),
        Vector3.new(-29.0781, -12.0914, 0),
    },
    {
        Vector3.new(-33.8267, -7.4572, 0),
        Vector3.new(-33.4644, -7.8196, 0),
        Vector3.new(-33.1020, -8.1819, 0),
        Vector3.new(-32.7397, -8.5442, 0),
    },
    {
        Vector3.new(-31.4238, -9.8601, 0),
        Vector3.new(-30.7945, -10.4895, 0),
    },
    {
        Vector3.new(-29.7074, -11.5765, 0),
        Vector3.new(-29.2497, -12.0342, 0),
    },
    {
        Vector3.new(-33.8267, -7.5716, 0),
        Vector3.new(-33.3404, -8.0579, 0),
        Vector3.new(-32.8541, -8.5442, 0),
    },
    {
        Vector3.new(-31.6526, -9.7457, 0),
        Vector3.new(-31.0233, -10.3750, 0),
    },
    {
        Vector3.new(-29.8218, -11.5765, 0),
        Vector3.new(-29.3642, -12.0342, 0),
    },
    {
        Vector3.new(-33.8267, -7.6861, 0),
        Vector3.new(-33.3404, -8.1724, 0),
        Vector3.new(-32.8541, -8.6587, 0),
    },
    {
        Vector3.new(-31.7671, -9.7457, 0),
        Vector3.new(-31.1377, -10.3750, 0),
    },
    {
        Vector3.new(-29.9363, -11.5765, 0),
        Vector3.new(-29.4786, -12.0342, 0),
    },
    {
        Vector3.new(-33.8267, -7.8005, 0),
        Vector3.new(-33.3976, -8.2296, 0),
        Vector3.new(-32.9685, -8.6587, 0),
    },
    {
        Vector3.new(-31.8815, -9.7457, 0),
        Vector3.new(-31.2522, -10.3750, 0),
    },
    {
        Vector3.new(-30.1651, -11.4621, 0),
        Vector3.new(-29.7074, -11.9198, 0),
    },
    {
        Vector3.new(-33.8267, -7.9149, 0),
        Vector3.new(-33.3976, -8.3440, 0),
        Vector3.new(-32.9685, -8.7731, 0),
    },
    {
        Vector3.new(-32.1103, -9.6313, 0),
        Vector3.new(-31.4810, -10.2606, 0),
    },
    {
        Vector3.new(-30.3940, -11.3476, 0),
        Vector3.new(-29.8218, -11.9198, 0),
    },
    {
        Vector3.new(-33.8267, -8.0293, 0),
        Vector3.new(-33.3976, -8.4584, 0),
        Vector3.new(-32.9685, -8.8875, 0),
    },
    {
        Vector3.new(-32.3392, -9.5168, 0),
        Vector3.new(-31.9673, -9.8887, 0),
        Vector3.new(-31.5954, -10.2606, 0),
    },
    {
        Vector3.new(-30.5084, -11.3476, 0),
        Vector3.new(-30.0507, -11.8053, 0),
    },
    {
        Vector3.new(-33.8267, -8.1438, 0),
        Vector3.new(-33.3976, -8.5728, 0),
        Vector3.new(-32.9685, -9.0019, 0),
    },
    {
        Vector3.new(-32.5108, -9.4596, 0),
        Vector3.new(-32.1389, -9.8315, 0),
        Vector3.new(-31.7671, -10.2034, 0),
    },
    {
        Vector3.new(-30.6228, -11.3476, 0),
        Vector3.new(-30.1651, -11.8053, 0),
    },
    {
        Vector3.new(-33.8267, -8.2582, 0),
        Vector3.new(-33.3976, -8.6873, 0),
        Vector3.new(-32.9685, -9.1164, 0),
    },
    {
        Vector3.new(-32.7397, -9.3452, 0),
        Vector3.new(-32.3106, -9.7743, 0),
        Vector3.new(-31.8815, -10.2034, 0),
    },
    {
        Vector3.new(-30.8517, -11.2332, 0),
        Vector3.new(-30.2795, -11.8053, 0),
    },
    {
        Vector3.new(-33.8267, -8.3726, 0),
        Vector3.new(-33.3976, -8.8017, 0),
        Vector3.new(-32.9685, -9.2308, 0),
        Vector3.new(-32.5394, -9.6599, 0),
        Vector3.new(-32.1103, -10.0890, 0),
    },
    {
        Vector3.new(-30.9661, -11.2332, 0),
        Vector3.new(-30.3940, -11.8053, 0),
    },
    {
        Vector3.new(-33.7123, -8.6015, 0),
        Vector3.new(-33.2546, -9.0591, 0),
        Vector3.new(-32.7969, -9.5168, 0),
        Vector3.new(-32.3392, -9.9745, 0),
    },
    {
        Vector3.new(-31.1377, -11.1760, 0),
        Vector3.new(-30.5084, -11.8053, 0),
    },
    {
        Vector3.new(-33.7123, -8.7159, 0),
        Vector3.new(-33.2927, -9.1354, 0),
        Vector3.new(-32.8732, -9.5550, 0),
        Vector3.new(-32.4536, -9.9745, 0),
    },
    {
        Vector3.new(-31.2522, -11.1760, 0),
        Vector3.new(-30.6228, -11.8053, 0),
    },
    {
        Vector3.new(-33.7123, -8.8303, 0),
        Vector3.new(-33.1974, -9.3452, 0),
        Vector3.new(-32.6825, -9.8601, 0),
    },
    {
        Vector3.new(-31.4810, -11.0616, 0),
        Vector3.new(-30.8517, -11.6909, 0),
    },
    {
        Vector3.new(-33.7123, -8.9447, 0),
        Vector3.new(-33.3404, -9.3166, 0),
        Vector3.new(-32.9685, -9.6885, 0),
    },
    {
        Vector3.new(-31.5954, -11.0616, 0),
        Vector3.new(-30.9661, -11.6909, 0),
    },
    {
        Vector3.new(-33.7123, -9.0591, 0),
        Vector3.new(-33.1974, -9.5741, 0),
    },
    {
        Vector3.new(-31.7099, -11.0616, 0),
        Vector3.new(-31.0805, -11.6909, 0),
    },
    {
        Vector3.new(-33.7123, -9.1736, 0),
        Vector3.new(-33.3118, -9.5741, 0),
    },
    {
        Vector3.new(-31.8243, -11.0616, 0),
        Vector3.new(-31.1949, -11.6909, 0),
    },
    {
        Vector3.new(-31.9387, -11.0616, 0),
        Vector3.new(-31.3094, -11.6909, 0),
    },
    {
        Vector3.new(-32.2820, -10.8327, 0),
        Vector3.new(-31.9101, -11.2046, 0),
        Vector3.new(-31.5382, -11.5765, 0),
    },
    {
        Vector3.new(-32.3964, -10.8327, 0),
        Vector3.new(-32.0245, -11.2046, 0),
        Vector3.new(-31.6526, -11.5765, 0),
    },
    {
        Vector3.new(-32.5108, -10.8327, 0),
        Vector3.new(-31.8243, -11.5193, 0),
    },
    {
        Vector3.new(-32.6252, -10.8327, 0),
        Vector3.new(-32.0531, -11.4048, 0),
    },
    {
        Vector3.new(-32.7397, -10.8327, 0),
        Vector3.new(-32.2820, -11.2904, 0),
    },
    {
        Vector3.new(-34.7421, -9.8601, 0),
        Vector3.new(-34.3416, -10.2606, 0),
    },
    {
        Vector3.new(-34.7993, -9.9173, 0),
        Vector3.new(-34.3416, -10.3750, 0),
    },
    {
        Vector3.new(-34.9137, -9.9173, 0),
        Vector3.new(-34.3416, -10.4895, 0),
    },
    {
        Vector3.new(-34.9137, -10.0318, 0),
        Vector3.new(-34.3416, -10.6039, 0),
    },
    {
        Vector3.new(-35.0282, -10.0318, 0),
        Vector3.new(-34.6658, -10.3941, 0),
        Vector3.new(-34.3035, -10.7564, 0),
        Vector3.new(-33.9411, -11.1188, 0),
    },
    {
        Vector3.new(-35.0282, -10.1462, 0),
        Vector3.new(-34.5419, -10.6325, 0),
        Vector3.new(-34.0555, -11.1188, 0),
    },
    {
        Vector3.new(-35.0282, -10.2606, 0),
        Vector3.new(-34.5991, -10.6897, 0),
        Vector3.new(-34.1700, -11.1188, 0),
    },
    {
        Vector3.new(-35.0282, -10.3750, 0),
        Vector3.new(-34.6563, -10.7469, 0),
        Vector3.new(-34.2844, -11.1188, 0),
    },
    {
        Vector3.new(-35.0282, -10.4895, 0),
        Vector3.new(-34.3988, -11.1188, 0),
    },
    {
        Vector3.new(-35.0282, -10.6039, 0),
        Vector3.new(-34.5132, -11.1188, 0),
    },
}

return wires